"../../../Engine/Plugins/2D/Paper2D/Content/PlaceholderTextures/DummySpriteTexture.ubulk" 0
"../../../Engine/Plugins/2D/Paper2D/Content/PlaceholderTextures/DummySpriteTexture.uasset" 1
"../../../Engine/Plugins/2D/Paper2D/Content/PlaceholderTextures/DummySpriteTexture.uexp" 2
"../../../Engine/Plugins/2D/Paper2D/Content/DummySprite.uasset" 3
"../../../Engine/Plugins/2D/Paper2D/Content/DummySprite.uexp" 4
"../../../Engine/Plugins/2D/Paper2D/Content/DefaultPaperTerrainMaterial.uasset" 5
"../../../Engine/Plugins/2D/Paper2D/Content/DefaultPaperTerrainMaterial.uexp" 6
"../../../Engine/Plugins/Animation/ACLPlugin/Content/ACLAnimCurveCompressionSettings.uasset" 7
"../../../Engine/Plugins/Animation/ACLPlugin/Content/ACLAnimCurveCompressionSettings.uexp" 8
"../../../Engine/Plugins/Animation/ACLPlugin/Content/ACLAnimBoneCompressionSettings.uasset" 9
"../../../Engine/Plugins/Animation/ACLPlugin/Content/ACLAnimBoneCompressionSettings.uexp" 10
"../../../Engine/Content/Animation/DefaultVariableFrameStrippingSettings.uasset" 11
"../../../Engine/Content/Animation/DefaultVariableFrameStrippingSettings.uexp" 12
"../../../Engine/Content/EngineFonts/Faces/DroidSansFallback.uexp" 13
"../../../Engine/Content/EngineFonts/Faces/DroidSansFallback.uasset" 14
"../../../Engine/Content/EngineFonts/Faces/DroidSansFallback.ufont" 15
"../../../Engine/Content/EngineFonts/Faces/RobotoBold.uexp" 16
"../../../Engine/Content/EngineFonts/Faces/RobotoBold.uasset" 17
"../../../Engine/Content/EngineFonts/Faces/RobotoBold.ufont" 18
"../../../Engine/Content/EngineFonts/Faces/RobotoBoldItalic.uexp" 19
"../../../Engine/Content/EngineFonts/Faces/RobotoBoldItalic.uasset" 20
"../../../Engine/Content/EngineFonts/Faces/RobotoBoldItalic.ufont" 21
"../../../Engine/Content/EngineFonts/Faces/RobotoItalic.uexp" 22
"../../../Engine/Content/EngineFonts/Faces/RobotoItalic.uasset" 23
"../../../Engine/Content/EngineFonts/Faces/RobotoItalic.ufont" 24
"../../../Engine/Content/EngineFonts/Faces/RobotoLight.uexp" 25
"../../../Engine/Content/EngineFonts/Faces/RobotoLight.uasset" 26
"../../../Engine/Content/EngineFonts/Faces/RobotoLight.ufont" 27
"../../../Engine/Content/EngineFonts/Faces/RobotoRegular.uexp" 28
"../../../Engine/Content/EngineFonts/Faces/RobotoRegular.uasset" 29
"../../../Engine/Content/EngineFonts/Faces/RobotoRegular.ufont" 30
"../../../Engine/Content/EngineFonts/Roboto.uasset" 31
"../../../Engine/Content/EngineFonts/Roboto.uexp" 32
"../../../Engine/Content/EngineFonts/Faces/DroidSansMono.uexp" 33
"../../../Engine/Content/EngineFonts/Faces/DroidSansMono.uasset" 34
"../../../Engine/Content/EngineFonts/Faces/DroidSansMono.ufont" 35
"../../../Engine/Content/EngineFonts/DroidSansMono.uasset" 36
"../../../Engine/Content/EngineFonts/DroidSansMono.uexp" 37
"../../../Engine/Plugins/Animation/ControlRig/Content/Controls/DefaultGizmoLibraryNormalized.uasset" 38
"../../../Engine/Plugins/Animation/ControlRig/Content/Controls/DefaultGizmoLibraryNormalized.uexp" 39
"../../../Engine/Content/EngineSounds/Master.uasset" 40
"../../../Engine/Content/EngineSounds/Master.uexp" 41
"../../../Engine/Content/EngineMaterials/DefaultPhysicalMaterial.uasset" 42
"../../../Engine/Content/EngineMaterials/DefaultPhysicalMaterial.uexp" 43
"../../../Engine/Content/EngineMaterials/DefaultDestructiblePhysicalMaterial.uasset" 44
"../../../Engine/Content/EngineMaterials/DefaultDestructiblePhysicalMaterial.uexp" 45
"../../../Engine/Plugins/Marketplace/UnrealMetaXRPlugin.83.0/MetaXR/Content/Materials/MPC_Highlights.uasset" 46
"../../../Engine/Plugins/Marketplace/UnrealMetaXRPlugin.83.0/MetaXR/Content/Materials/MPC_Highlights.uexp" 47
"../../../Engine/Content/EngineResources/GradientTexture0.uasset" 48
"../../../Engine/Content/EngineResources/GradientTexture0.uexp" 49
"../../../Engine/Content/EditorResources/S_Actor.ubulk" 50
"../../../Engine/Content/EditorResources/S_Actor.uasset" 51
"../../../Engine/Content/EditorResources/S_Actor.uexp" 52
"../../../Engine/Content/EditorResources/S_Trigger.ubulk" 53
"../../../Engine/Content/EditorResources/S_Trigger.uasset" 54
"../../../Engine/Content/EditorResources/S_Trigger.uexp" 55
"../../../Engine/Content/EditorResources/S_BoxReflectionCapture.uasset" 56
"../../../Engine/Content/EditorResources/S_BoxReflectionCapture.uexp" 57
"../../../Engine/Content/EngineResources/DefaultTexture.ubulk" 58
"../../../Engine/Content/EngineResources/DefaultTexture.uasset" 59
"../../../Engine/Content/EngineResources/DefaultTexture.uexp" 60
"../../../Engine/Content/EditorResources/S_TriggerBox.uasset" 61
"../../../Engine/Content/EditorResources/S_TriggerBox.uexp" 62
"../../../Engine/Content/EditorResources/S_TriggerCapsule.uasset" 63
"../../../Engine/Content/EditorResources/S_TriggerCapsule.uexp" 64
"../../../Engine/Content/EditorResources/S_TriggerSphere.uasset" 65
"../../../Engine/Content/EditorResources/S_TriggerSphere.uexp" 66
"../../../Engine/Content/EngineMeshes/Sphere.ubulk" 67
"../../../Engine/Content/EngineMeshes/Sphere.uasset" 68
"../../../Engine/Content/EngineMeshes/Sphere.uexp" 69
"../../../Engine/Content/EngineMaterials/T_Default_Material_Grid_M.ubulk" 70
"../../../Engine/Content/EngineMaterials/T_Default_Material_Grid_M.uasset" 71
"../../../Engine/Content/EngineMaterials/T_Default_Material_Grid_M.uexp" 72
"../../../Engine/Content/Functions/Engine_MaterialFunctions01/Opacity/CameraDepthFade.uasset" 73
"../../../Engine/Content/Functions/Engine_MaterialFunctions01/Opacity/CameraDepthFade.uexp" 74
"../../../Engine/Content/EngineMaterials/T_Default_Material_Grid_N.ubulk" 75
"../../../Engine/Content/EngineMaterials/T_Default_Material_Grid_N.uasset" 76
"../../../Engine/Content/EngineMaterials/T_Default_Material_Grid_N.uexp" 77
"../../../Engine/Content/EngineMaterials/WorldGridMaterial.uasset" 78
"../../../Engine/Content/EngineMaterials/WorldGridMaterial.uexp" 79
"../../../Engine/Plugins/Media/MediaPlate/Content/SM_MediaPlateScreen.ubulk" 80
"../../../Engine/Plugins/Media/MediaPlate/Content/SM_MediaPlateScreen.uasset" 81
"../../../Engine/Plugins/Media/MediaPlate/Content/SM_MediaPlateScreen.uexp" 82
"../../../Engine/Content/Functions/Engine_MaterialFunctions02/WorldPositionOffset/CameraOffset.uasset" 83
"../../../Engine/Content/Functions/Engine_MaterialFunctions02/WorldPositionOffset/CameraOffset.uexp" 84
"../../../Engine/Plugins/Animation/ControlRig/Content/M_Manip.uasset" 85
"../../../Engine/Plugins/Animation/ControlRig/Content/M_Manip.uexp" 86
"../../../Engine/Content/BasicShapes/Plane.ubulk" 87
"../../../Engine/Content/BasicShapes/Plane.uasset" 88
"../../../Engine/Content/BasicShapes/Plane.uexp" 89
"../../../Engine/Content/BasicShapes/Cube.ubulk" 90
"../../../Engine/Content/BasicShapes/Cube.uasset" 91
"../../../Engine/Content/BasicShapes/Cube.uexp" 92
"../../../Engine/Content/EngineMaterials/DefaultMaterial.uasset" 93
"../../../Engine/Content/EngineMaterials/DefaultMaterial.uexp" 94
"../../../Engine/Content/BasicShapes/Cone.ubulk" 95
"../../../Engine/Content/BasicShapes/Cone.uasset" 96
"../../../Engine/Content/BasicShapes/Cone.uexp" 97
"../../../Engine/Content/BasicShapes/BasicShapeMaterial.uasset" 98
"../../../Engine/Content/BasicShapes/BasicShapeMaterial.uexp" 99
"../../../Engine/Content/EditorLandscapeResources/SplineEditorMeshMat.uasset" 100
"../../../Engine/Content/EditorLandscapeResources/SplineEditorMeshMat.uexp" 101
"../../../Engine/Content/EditorLandscapeResources/SplineEditorMesh.ubulk" 102
"../../../Engine/Content/EditorLandscapeResources/SplineEditorMesh.uasset" 103
"../../../Engine/Content/EditorLandscapeResources/SplineEditorMesh.uexp" 104
"../../../Engine/Content/EditorLandscapeResources/WhiteSquareTexture.uasset" 105
"../../../Engine/Content/EditorLandscapeResources/WhiteSquareTexture.uexp" 106
"../../../Engine/Content/EditorLandscapeResources/LayerVisMaterial.uasset" 107
"../../../Engine/Content/EditorLandscapeResources/LayerVisMaterial.uexp" 108
"../../../Engine/Content/Functions/Engine_MaterialFunctions02/Utility/BreakOutFloat2Components.uasset" 109
"../../../Engine/Content/Functions/Engine_MaterialFunctions02/Utility/BreakOutFloat2Components.uexp" 110
"../../../Engine/Content/Functions/Engine_MaterialFunctions01/Texturing/ScaleUVsByCenter.uasset" 111
"../../../Engine/Content/Functions/Engine_MaterialFunctions01/Texturing/ScaleUVsByCenter.uexp" 112
"../../../Engine/Content/Functions/Engine_MaterialFunctions02/WorldPositionOffset/LocalPosition.uasset" 113
"../../../Engine/Content/Functions/Engine_MaterialFunctions02/WorldPositionOffset/LocalPosition.uexp" 114
"../../../Engine/Content/EngineMaterials/DefaultDiffuse.ubulk" 115
"../../../Engine/Content/EngineMaterials/DefaultDiffuse.uasset" 116
"../../../Engine/Content/EngineMaterials/DefaultDiffuse.uexp" 117
"../../../Engine/Content/Functions/Engine_MaterialFunctions01/Texturing/TextureCropping.uasset" 118
"../../../Engine/Content/Functions/Engine_MaterialFunctions01/Texturing/TextureCropping.uexp" 119
"../../../Engine/Content/Functions/Engine_MaterialFunctions02/ExampleContent/DebugNumberStrip.uasset" 120
"../../../Engine/Content/Functions/Engine_MaterialFunctions02/ExampleContent/DebugNumberStrip.uexp" 121
"../../../Engine/Content/Functions/Engine_MaterialFunctions01/Debug/DebugIntValues.uasset" 122
"../../../Engine/Content/Functions/Engine_MaterialFunctions01/Debug/DebugIntValues.uexp" 123
"../../../Engine/Content/EditorLandscapeResources/LandscapeLayerUsageMaterial.uasset" 124
"../../../Engine/Content/EditorLandscapeResources/LandscapeLayerUsageMaterial.uexp" 125
"../../../Engine/Content/EditorLandscapeResources/DefaultAlphaTexture.uasset" 126
"../../../Engine/Content/EditorLandscapeResources/DefaultAlphaTexture.uexp" 127
"../../../Engine/Content/EditorLandscapeResources/LandscapeDirtyMaterial.uasset" 128
"../../../Engine/Content/EditorLandscapeResources/LandscapeDirtyMaterial.uexp" 129
"../../../Engine/Content/Functions/Engine_MaterialFunctions02/Utility/CameraDirectionVector.uasset" 130
"../../../Engine/Content/Functions/Engine_MaterialFunctions02/Utility/CameraDirectionVector.uexp" 131
"../../../Engine/Content/EngineDebugMaterials/VolumeToRender.uasset" 132
"../../../Engine/Content/EngineDebugMaterials/VolumeToRender.uexp" 133
"../../../Engine/Content/EngineDebugMaterials/M_VolumeRenderSphereTracePP.uasset" 134
"../../../Engine/Content/EngineDebugMaterials/M_VolumeRenderSphereTracePP.uexp" 135
"../../../Engine/Content/EngineDebugMaterials/M_SimpleUnlitTranslucent.uasset" 136
"../../../Engine/Content/EngineDebugMaterials/M_SimpleUnlitTranslucent.uexp" 137
"../../../Engine/Content/EngineDebugMaterials/DebugMeshMaterial.uasset" 138
"../../../Engine/Content/EngineDebugMaterials/DebugMeshMaterial.uexp" 139
"../../../Engine/Content/EngineDebugMaterials/DebugEditorMaterial.uasset" 140
"../../../Engine/Content/EngineDebugMaterials/DebugEditorMaterial.uexp" 141
"../../../Engine/Content/EngineDamageTypes/DmgTypeBP_Environmental.uasset" 142
"../../../Engine/Content/EngineDamageTypes/DmgTypeBP_Environmental.uexp" 143
"../../../Engine/Content/EditorResources/S_Terrain.ubulk" 144
"../../../Engine/Content/EditorResources/S_Terrain.uasset" 145
"../../../Engine/Content/EditorResources/S_Terrain.uexp" 146
"../../../Engine/Content/EditorResources/S_Solver.ubulk" 147
"../../../Engine/Content/EditorResources/S_Solver.uasset" 148
"../../../Engine/Content/EditorResources/S_Solver.uexp" 149
"../../../Engine/Content/EditorResources/BSPVertex.uasset" 150
"../../../Engine/Content/EditorResources/BSPVertex.uexp" 151
"../../../Engine/Content/EditorMaterials/PreviewShadowIndicator.ubulk" 152
"../../../Engine/Content/EditorMaterials/PreviewShadowIndicator.uasset" 153
"../../../Engine/Content/EditorMaterials/PreviewShadowIndicator.uexp" 154
"../../../Engine/Content/EditorMaterials/PreviewShadowIndicatorMaterial.uasset" 155
"../../../Engine/Content/EditorMaterials/PreviewShadowIndicatorMaterial.uexp" 156
"../../../Engine/Content/EditorMaterials/PhAT_UnselectedMaterial.uasset" 157
"../../../Engine/Content/EditorMaterials/PhAT_UnselectedMaterial.uexp" 158
"../../../Engine/Content/EditorMaterials/PhAT_NoCollisionMaterial.uasset" 159
"../../../Engine/Content/EditorMaterials/PhAT_NoCollisionMaterial.uexp" 160
"../../../Engine/Content/Functions/Engine_MaterialFunctions02/Utility/VectorLength.uasset" 161
"../../../Engine/Content/Functions/Engine_MaterialFunctions02/Utility/VectorLength.uexp" 162
"../../../Engine/Content/Functions/Engine_MaterialFunctions02/WorldPositionOffset/ObjectScale.uasset" 163
"../../../Engine/Content/Functions/Engine_MaterialFunctions02/WorldPositionOffset/ObjectScale.uexp" 164
"../../../Engine/Content/Functions/Engine_MaterialFunctions02/Utility/BreakOutFloat3Components.uasset" 165
"../../../Engine/Content/Functions/Engine_MaterialFunctions02/Utility/BreakOutFloat3Components.uexp" 166
"../../../Engine/Content/Functions/Engine_MaterialFunctions02/SafeNormalize.uasset" 167
"../../../Engine/Content/Functions/Engine_MaterialFunctions02/SafeNormalize.uexp" 168
"../../../Engine/Plugins/Editor/SpeedTreeImporter/Content/SpeedTree9/UnpackInteger3.uasset" 169
"../../../Engine/Plugins/Editor/SpeedTreeImporter/Content/SpeedTree9/UnpackInteger3.uexp" 170
"../../../Engine/Plugins/Editor/SpeedTreeImporter/Content/SpeedTree9/UnpackDirection.uasset" 171
"../../../Engine/Plugins/Editor/SpeedTreeImporter/Content/SpeedTree9/UnpackDirection.uexp" 172
"../../../Engine/Plugins/Editor/SpeedTreeImporter/Content/SpeedTree9/game_wind_noise.ubulk" 173
"../../../Engine/Plugins/Editor/SpeedTreeImporter/Content/SpeedTree9/game_wind_noise.uasset" 174
"../../../Engine/Plugins/Editor/SpeedTreeImporter/Content/SpeedTree9/game_wind_noise.uexp" 175
"../../../Engine/Plugins/Editor/SpeedTreeImporter/Content/SpeedTree9/SpeedTreeWindMotion.uasset" 176
"../../../Engine/Plugins/Editor/SpeedTreeImporter/Content/SpeedTree9/SpeedTreeWindMotion.uexp" 177
"../../../Engine/Plugins/Editor/SpeedTreeImporter/Content/SpeedTree9/SpeedTreeBranchMotion.uasset" 178
"../../../Engine/Plugins/Editor/SpeedTreeImporter/Content/SpeedTree9/SpeedTreeBranchMotion.uexp" 179
"../../../Engine/Content/Functions/Engine_MaterialFunctions02/ObjectLocalBounds.uasset" 180
"../../../Engine/Content/Functions/Engine_MaterialFunctions02/ObjectLocalBounds.uexp" 181
"../../../Engine/Content/Functions/Engine_MaterialFunctions02/UVs/BoundingBoxBased_0-1_UVW.uasset" 182
"../../../Engine/Content/Functions/Engine_MaterialFunctions02/UVs/BoundingBoxBased_0-1_UVW.uexp" 183
"../../../Engine/Plugins/Editor/SpeedTreeImporter/Content/SpeedTree9/SpeedTreeWind.uasset" 184
"../../../Engine/Plugins/Editor/SpeedTreeImporter/Content/SpeedTree9/SpeedTreeWind.uexp" 185
"../../../Engine/Plugins/Editor/SpeedTreeImporter/Content/SpeedTree9/SpeedTreeCameraFacing.uasset" 186
"../../../Engine/Plugins/Editor/SpeedTreeImporter/Content/SpeedTree9/SpeedTreeCameraFacing.uexp" 187
"../../../Engine/Plugins/Editor/SpeedTreeImporter/Content/SpeedTree9/EmptyNormal.uasset" 188
"../../../Engine/Plugins/Editor/SpeedTreeImporter/Content/SpeedTree9/EmptyNormal.uexp" 189
"../../../Engine/Plugins/Editor/SpeedTreeImporter/Content/SpeedTree9/Empty.uasset" 190
"../../../Engine/Plugins/Editor/SpeedTreeImporter/Content/SpeedTree9/Empty.uexp" 191
"../../../Engine/Plugins/Editor/SpeedTreeImporter/Content/SpeedTree9/SpeedTreeMaster.uasset" 192
"../../../Engine/Plugins/Editor/SpeedTreeImporter/Content/SpeedTree9/SpeedTreeMaster.uexp" 193
"../../../Engine/Plugins/Editor/SpeedTreeImporter/Content/SpeedTree9/SpeedTreeBillboard.uasset" 194
"../../../Engine/Plugins/Editor/SpeedTreeImporter/Content/SpeedTree9/SpeedTreeBillboard.uexp" 195
"../../../Engine/Plugins/Editor/SpeedTreeImporter/Content/SpeedTree9/SpeedTreeBillboardMaster.uasset" 196
"../../../Engine/Plugins/Editor/SpeedTreeImporter/Content/SpeedTree9/SpeedTreeBillboardMaster.uexp" 197
"../../../Engine/Plugins/Animation/ControlRig/Content/Controls/ControlRig_Wedge_solid.ubulk" 198
"../../../Engine/Plugins/Animation/ControlRig/Content/Controls/ControlRig_Wedge_solid.uasset" 199
"../../../Engine/Plugins/Animation/ControlRig/Content/Controls/ControlRig_Wedge_solid.uexp" 200
"../../../Engine/Plugins/Animation/ControlRig/Content/Controls/ControlRig_Wedge_3mm.ubulk" 201
"../../../Engine/Plugins/Animation/ControlRig/Content/Controls/ControlRig_Wedge_3mm.uasset" 202
"../../../Engine/Plugins/Animation/ControlRig/Content/Controls/ControlRig_Wedge_3mm.uexp" 203
"../../../Engine/Plugins/Animation/ControlRig/Content/Controls/ControlRig_Wedge_1mm.ubulk" 204
"../../../Engine/Plugins/Animation/ControlRig/Content/Controls/ControlRig_Wedge_1mm.uasset" 205
"../../../Engine/Plugins/Animation/ControlRig/Content/Controls/ControlRig_Wedge_1mm.uexp" 206
"../../../Engine/Plugins/Animation/ControlRig/Content/Controls/ControlRig_Triangle_solid.ubulk" 207
"../../../Engine/Plugins/Animation/ControlRig/Content/Controls/ControlRig_Triangle_solid.uasset" 208
"../../../Engine/Plugins/Animation/ControlRig/Content/Controls/ControlRig_Triangle_solid.uexp" 209
"../../../Engine/Plugins/Animation/ControlRig/Content/Controls/ControlRig_Triangle_3mm.ubulk" 210
"../../../Engine/Plugins/Animation/ControlRig/Content/Controls/ControlRig_Triangle_3mm.uasset" 211
"../../../Engine/Plugins/Animation/ControlRig/Content/Controls/ControlRig_Triangle_3mm.uexp" 212
"../../../Engine/Plugins/Animation/ControlRig/Content/Controls/ControlRig_Triangle_1mm.ubulk" 213
"../../../Engine/Plugins/Animation/ControlRig/Content/Controls/ControlRig_Triangle_1mm.uasset" 214
"../../../Engine/Plugins/Animation/ControlRig/Content/Controls/ControlRig_Triangle_1mm.uexp" 215
"../../../Engine/Plugins/Animation/ControlRig/Content/Controls/ControlRig_Star4_solid.ubulk" 216
"../../../Engine/Plugins/Animation/ControlRig/Content/Controls/ControlRig_Star4_solid.uasset" 217
"../../../Engine/Plugins/Animation/ControlRig/Content/Controls/ControlRig_Star4_solid.uexp" 218
"../../../Engine/Plugins/Animation/ControlRig/Content/Controls/ControlRig_Star4_3mm.ubulk" 219
"../../../Engine/Plugins/Animation/ControlRig/Content/Controls/ControlRig_Star4_3mm.uasset" 220
"../../../Engine/Plugins/Animation/ControlRig/Content/Controls/ControlRig_Star4_3mm.uexp" 221
"../../../Engine/Plugins/Animation/ControlRig/Content/Controls/ControlRig_Star4_1mm.ubulk" 222
"../../../Engine/Plugins/Animation/ControlRig/Content/Controls/ControlRig_Star4_1mm.uasset" 223
"../../../Engine/Plugins/Animation/ControlRig/Content/Controls/ControlRig_Star4_1mm.uexp" 224
"../../../Engine/Plugins/Animation/ControlRig/Content/Controls/ControlRig_Square_solid.ubulk" 225
"../../../Engine/Plugins/Animation/ControlRig/Content/Controls/ControlRig_Square_solid.uasset" 226
"../../../Engine/Plugins/Animation/ControlRig/Content/Controls/ControlRig_Square_solid.uexp" 227
"../../../Engine/Plugins/Animation/ControlRig/Content/Controls/ControlRig_Square_3mm.ubulk" 228
"../../../Engine/Plugins/Animation/ControlRig/Content/Controls/ControlRig_Square_3mm.uasset" 229
"../../../Engine/Plugins/Animation/ControlRig/Content/Controls/ControlRig_Square_3mm.uexp" 230
"../../../Engine/Plugins/Animation/ControlRig/Content/Controls/ControlRig_Square_1mm.ubulk" 231
"../../../Engine/Plugins/Animation/ControlRig/Content/Controls/ControlRig_Square_1mm.uasset" 232
"../../../Engine/Plugins/Animation/ControlRig/Content/Controls/ControlRig_Square_1mm.uexp" 233
"../../../Engine/Plugins/Animation/ControlRig/Content/Controls/ControlRig_Sphere_solid.ubulk" 234
"../../../Engine/Plugins/Animation/ControlRig/Content/Controls/ControlRig_Sphere_solid.uasset" 235
"../../../Engine/Plugins/Animation/ControlRig/Content/Controls/ControlRig_Sphere_solid.uexp" 236
"../../../Engine/Plugins/Animation/ControlRig/Content/Controls/ControlRig_Sphere_3mm.ubulk" 237
"../../../Engine/Plugins/Animation/ControlRig/Content/Controls/ControlRig_Sphere_3mm.uasset" 238
"../../../Engine/Plugins/Animation/ControlRig/Content/Controls/ControlRig_Sphere_3mm.uexp" 239
"../../../Engine/Plugins/Animation/ControlRig/Content/Controls/ControlRig_Sphere_1mm.ubulk" 240
"../../../Engine/Plugins/Animation/ControlRig/Content/Controls/ControlRig_Sphere_1mm.uasset" 241
"../../../Engine/Plugins/Animation/ControlRig/Content/Controls/ControlRig_Sphere_1mm.uexp" 242
"../../../Engine/Plugins/Animation/ControlRig/Content/Controls/ControlRig_RoundedTriangle_solid.ubulk" 243
"../../../Engine/Plugins/Animation/ControlRig/Content/Controls/ControlRig_RoundedTriangle_solid.uasset" 244
"../../../Engine/Plugins/Animation/ControlRig/Content/Controls/ControlRig_RoundedTriangle_solid.uexp" 245
"../../../Engine/Plugins/Animation/ControlRig/Content/Controls/ControlRig_RoundedTriangle_3mm.ubulk" 246
"../../../Engine/Plugins/Animation/ControlRig/Content/Controls/ControlRig_RoundedTriangle_3mm.uasset" 247
"../../../Engine/Plugins/Animation/ControlRig/Content/Controls/ControlRig_RoundedTriangle_3mm.uexp" 248
"../../../Engine/Plugins/Animation/ControlRig/Content/Controls/ControlRig_RoundedTriangle_1mm.ubulk" 249
"../../../Engine/Plugins/Animation/ControlRig/Content/Controls/ControlRig_RoundedTriangle_1mm.uasset" 250
"../../../Engine/Plugins/Animation/ControlRig/Content/Controls/ControlRig_RoundedTriangle_1mm.uexp" 251
"../../../Engine/Plugins/Animation/ControlRig/Content/Controls/ControlRig_RoundedSquare_solid.ubulk" 252
"../../../Engine/Plugins/Animation/ControlRig/Content/Controls/ControlRig_RoundedSquare_solid.uasset" 253
"../../../Engine/Plugins/Animation/ControlRig/Content/Controls/ControlRig_RoundedSquare_solid.uexp" 254
"../../../Engine/Plugins/Animation/ControlRig/Content/Controls/ControlRig_RoundedSquare_3mm.ubulk" 255
"../../../Engine/Plugins/Animation/ControlRig/Content/Controls/ControlRig_RoundedSquare_3mm.uasset" 256
"../../../Engine/Plugins/Animation/ControlRig/Content/Controls/ControlRig_RoundedSquare_3mm.uexp" 257
"../../../Engine/Plugins/Animation/ControlRig/Content/Controls/ControlRig_RoundedSquare_1mm.ubulk" 258
"../../../Engine/Plugins/Animation/ControlRig/Content/Controls/ControlRig_RoundedSquare_1mm.uasset" 259
"../../../Engine/Plugins/Animation/ControlRig/Content/Controls/ControlRig_RoundedSquare_1mm.uexp" 260
"../../../Engine/Plugins/Animation/ControlRig/Content/Controls/ControlRig_QuarterCircle_solid.ubulk" 261
"../../../Engine/Plugins/Animation/ControlRig/Content/Controls/ControlRig_QuarterCircle_solid.uasset" 262
"../../../Engine/Plugins/Animation/ControlRig/Content/Controls/ControlRig_QuarterCircle_solid.uexp" 263
"../../../Engine/Plugins/Animation/ControlRig/Content/Controls/ControlRig_QuarterCircle_3mm.ubulk" 264
"../../../Engine/Plugins/Animation/ControlRig/Content/Controls/ControlRig_QuarterCircle_3mm.uasset" 265
"../../../Engine/Plugins/Animation/ControlRig/Content/Controls/ControlRig_QuarterCircle_3mm.uexp" 266
"../../../Engine/Plugins/Animation/ControlRig/Content/Controls/ControlRig_QuarterCircle_1mm.ubulk" 267
"../../../Engine/Plugins/Animation/ControlRig/Content/Controls/ControlRig_QuarterCircle_1mm.uasset" 268
"../../../Engine/Plugins/Animation/ControlRig/Content/Controls/ControlRig_QuarterCircle_1mm.uexp" 269
"../../../Engine/Plugins/Animation/ControlRig/Content/Controls/ControlRig_Pyramid_solid.ubulk" 270
"../../../Engine/Plugins/Animation/ControlRig/Content/Controls/ControlRig_Pyramid_solid.uasset" 271
"../../../Engine/Plugins/Animation/ControlRig/Content/Controls/ControlRig_Pyramid_solid.uexp" 272
"../../../Engine/Plugins/Animation/ControlRig/Content/Controls/ControlRig_Pyramid_3mm.ubulk" 273
"../../../Engine/Plugins/Animation/ControlRig/Content/Controls/ControlRig_Pyramid_3mm.uasset" 274
"../../../Engine/Plugins/Animation/ControlRig/Content/Controls/ControlRig_Pyramid_3mm.uexp" 275
"../../../Engine/Plugins/Animation/ControlRig/Content/Controls/ControlRig_Pyramid_1mm.ubulk" 276
"../../../Engine/Plugins/Animation/ControlRig/Content/Controls/ControlRig_Pyramid_1mm.uasset" 277
"../../../Engine/Plugins/Animation/ControlRig/Content/Controls/ControlRig_Pyramid_1mm.uexp" 278
"../../../Engine/Plugins/Animation/ControlRig/Content/Controls/ControlRig_Octagon_solid.ubulk" 279
"../../../Engine/Plugins/Animation/ControlRig/Content/Controls/ControlRig_Octagon_solid.uasset" 280
"../../../Engine/Plugins/Animation/ControlRig/Content/Controls/ControlRig_Octagon_solid.uexp" 281
"../../../Engine/Plugins/Animation/ControlRig/Content/Controls/ControlRig_Octagon_3mm.ubulk" 282
"../../../Engine/Plugins/Animation/ControlRig/Content/Controls/ControlRig_Octagon_3mm.uasset" 283
"../../../Engine/Plugins/Animation/ControlRig/Content/Controls/ControlRig_Octagon_3mm.uexp" 284
"../../../Engine/Plugins/Animation/ControlRig/Content/Controls/ControlRig_Octagon_1mm.ubulk" 285
"../../../Engine/Plugins/Animation/ControlRig/Content/Controls/ControlRig_Octagon_1mm.uasset" 286
"../../../Engine/Plugins/Animation/ControlRig/Content/Controls/ControlRig_Octagon_1mm.uexp" 287
"../../../Engine/Plugins/Animation/ControlRig/Content/Controls/ControlRig_Hexagon_solid.ubulk" 288
"../../../Engine/Plugins/Animation/ControlRig/Content/Controls/ControlRig_Hexagon_solid.uasset" 289
"../../../Engine/Plugins/Animation/ControlRig/Content/Controls/ControlRig_Hexagon_solid.uexp" 290
"../../../Engine/Plugins/Animation/ControlRig/Content/Controls/ControlRig_Hexagon_3mm.ubulk" 291
"../../../Engine/Plugins/Animation/ControlRig/Content/Controls/ControlRig_Hexagon_3mm.uasset" 292
"../../../Engine/Plugins/Animation/ControlRig/Content/Controls/ControlRig_Hexagon_3mm.uexp" 293
"../../../Engine/Plugins/Animation/ControlRig/Content/Controls/ControlRig_Hexagon_1mm.ubulk" 294
"../../../Engine/Plugins/Animation/ControlRig/Content/Controls/ControlRig_Hexagon_1mm.uasset" 295
"../../../Engine/Plugins/Animation/ControlRig/Content/Controls/ControlRig_Hexagon_1mm.uexp" 296
"../../../Engine/Plugins/Animation/ControlRig/Content/Controls/ControlRig_HalfCircle_solid.ubulk" 297
"../../../Engine/Plugins/Animation/ControlRig/Content/Controls/ControlRig_HalfCircle_solid.uasset" 298
"../../../Engine/Plugins/Animation/ControlRig/Content/Controls/ControlRig_HalfCircle_solid.uexp" 299
"../../../Engine/Plugins/Animation/ControlRig/Content/Controls/ControlRig_HalfCircle_3mm.ubulk" 300
"../../../Engine/Plugins/Animation/ControlRig/Content/Controls/ControlRig_HalfCircle_3mm.uasset" 301
"../../../Engine/Plugins/Animation/ControlRig/Content/Controls/ControlRig_HalfCircle_3mm.uexp" 302
"../../../Engine/Plugins/Animation/ControlRig/Content/Controls/ControlRig_HalfCircle_1mm.ubulk" 303
"../../../Engine/Plugins/Animation/ControlRig/Content/Controls/ControlRig_HalfCircle_1mm.uasset" 304
"../../../Engine/Plugins/Animation/ControlRig/Content/Controls/ControlRig_HalfCircle_1mm.uexp" 305
"../../../Engine/Plugins/Animation/ControlRig/Content/Controls/ControlRig_Diamond_solid.ubulk" 306
"../../../Engine/Plugins/Animation/ControlRig/Content/Controls/ControlRig_Diamond_solid.uasset" 307
"../../../Engine/Plugins/Animation/ControlRig/Content/Controls/ControlRig_Diamond_solid.uexp" 308
"../../../Engine/Plugins/Animation/ControlRig/Content/Controls/ControlRig_Diamond_3mm.ubulk" 309
"../../../Engine/Plugins/Animation/ControlRig/Content/Controls/ControlRig_Diamond_3mm.uasset" 310
"../../../Engine/Plugins/Animation/ControlRig/Content/Controls/ControlRig_Diamond_3mm.uexp" 311
"../../../Engine/Plugins/Animation/ControlRig/Content/Controls/ControlRig_Diamond_1mm.ubulk" 312
"../../../Engine/Plugins/Animation/ControlRig/Content/Controls/ControlRig_Diamond_1mm.uasset" 313
"../../../Engine/Plugins/Animation/ControlRig/Content/Controls/ControlRig_Diamond_1mm.uexp" 314
"../../../Engine/Plugins/Animation/ControlRig/Content/Controls/ControlRig_Circle_solid.ubulk" 315
"../../../Engine/Plugins/Animation/ControlRig/Content/Controls/ControlRig_Circle_solid.uasset" 316
"../../../Engine/Plugins/Animation/ControlRig/Content/Controls/ControlRig_Circle_solid.uexp" 317
"../../../Engine/Plugins/Animation/ControlRig/Content/Controls/ControlRig_Circle_3mm.ubulk" 318
"../../../Engine/Plugins/Animation/ControlRig/Content/Controls/ControlRig_Circle_3mm.uasset" 319
"../../../Engine/Plugins/Animation/ControlRig/Content/Controls/ControlRig_Circle_3mm.uexp" 320
"../../../Engine/Plugins/Animation/ControlRig/Content/Controls/ControlRig_Circle_1mm.ubulk" 321
"../../../Engine/Plugins/Animation/ControlRig/Content/Controls/ControlRig_Circle_1mm.uasset" 322
"../../../Engine/Plugins/Animation/ControlRig/Content/Controls/ControlRig_Circle_1mm.uexp" 323
"../../../Engine/Plugins/Animation/ControlRig/Content/Controls/ControlRig_Box_solid.ubulk" 324
"../../../Engine/Plugins/Animation/ControlRig/Content/Controls/ControlRig_Box_solid.uasset" 325
"../../../Engine/Plugins/Animation/ControlRig/Content/Controls/ControlRig_Box_solid.uexp" 326
"../../../Engine/Plugins/Animation/ControlRig/Content/Controls/ControlRig_Box_3mm.ubulk" 327
"../../../Engine/Plugins/Animation/ControlRig/Content/Controls/ControlRig_Box_3mm.uasset" 328
"../../../Engine/Plugins/Animation/ControlRig/Content/Controls/ControlRig_Box_3mm.uexp" 329
"../../../Engine/Plugins/Animation/ControlRig/Content/Controls/ControlRig_Box_1mm.ubulk" 330
"../../../Engine/Plugins/Animation/ControlRig/Content/Controls/ControlRig_Box_1mm.uasset" 331
"../../../Engine/Plugins/Animation/ControlRig/Content/Controls/ControlRig_Box_1mm.uexp" 332
"../../../Engine/Plugins/Animation/ControlRig/Content/Controls/ControlRig_Arrow_solid.ubulk" 333
"../../../Engine/Plugins/Animation/ControlRig/Content/Controls/ControlRig_Arrow_solid.uasset" 334
"../../../Engine/Plugins/Animation/ControlRig/Content/Controls/ControlRig_Arrow_solid.uexp" 335
"../../../Engine/Plugins/Animation/ControlRig/Content/Controls/ControlRig_Arrow_3mm.ubulk" 336
"../../../Engine/Plugins/Animation/ControlRig/Content/Controls/ControlRig_Arrow_3mm.uasset" 337
"../../../Engine/Plugins/Animation/ControlRig/Content/Controls/ControlRig_Arrow_3mm.uexp" 338
"../../../Engine/Plugins/Animation/ControlRig/Content/Controls/ControlRig_Arrow_1mm.ubulk" 339
"../../../Engine/Plugins/Animation/ControlRig/Content/Controls/ControlRig_Arrow_1mm.uasset" 340
"../../../Engine/Plugins/Animation/ControlRig/Content/Controls/ControlRig_Arrow_1mm.uexp" 341
"../../../Engine/Plugins/Animation/ControlRig/Content/Controls/ControlRig_Arrow4_solid.ubulk" 342
"../../../Engine/Plugins/Animation/ControlRig/Content/Controls/ControlRig_Arrow4_solid.uasset" 343
"../../../Engine/Plugins/Animation/ControlRig/Content/Controls/ControlRig_Arrow4_solid.uexp" 344
"../../../Engine/Plugins/Animation/ControlRig/Content/Controls/ControlRig_Arrow4_3mm.ubulk" 345
"../../../Engine/Plugins/Animation/ControlRig/Content/Controls/ControlRig_Arrow4_3mm.uasset" 346
"../../../Engine/Plugins/Animation/ControlRig/Content/Controls/ControlRig_Arrow4_3mm.uexp" 347
"../../../Engine/Plugins/Animation/ControlRig/Content/Controls/ControlRig_Arrow4_1mm.ubulk" 348
"../../../Engine/Plugins/Animation/ControlRig/Content/Controls/ControlRig_Arrow4_1mm.uasset" 349
"../../../Engine/Plugins/Animation/ControlRig/Content/Controls/ControlRig_Arrow4_1mm.uexp" 350
"../../../Engine/Plugins/Animation/ControlRig/Content/Controls/ControlRig_Arrow2_solid.ubulk" 351
"../../../Engine/Plugins/Animation/ControlRig/Content/Controls/ControlRig_Arrow2_solid.uasset" 352
"../../../Engine/Plugins/Animation/ControlRig/Content/Controls/ControlRig_Arrow2_solid.uexp" 353
"../../../Engine/Plugins/Animation/ControlRig/Content/Controls/ControlRig_Arrow2_3mm.ubulk" 354
"../../../Engine/Plugins/Animation/ControlRig/Content/Controls/ControlRig_Arrow2_3mm.uasset" 355
"../../../Engine/Plugins/Animation/ControlRig/Content/Controls/ControlRig_Arrow2_3mm.uexp" 356
"../../../Engine/Plugins/Animation/ControlRig/Content/Controls/ControlRig_Arrow2_1mm.ubulk" 357
"../../../Engine/Plugins/Animation/ControlRig/Content/Controls/ControlRig_Arrow2_1mm.uasset" 358
"../../../Engine/Plugins/Animation/ControlRig/Content/Controls/ControlRig_Arrow2_1mm.uexp" 359
"../../../Engine/Plugins/Animation/ControlRig/Content/Controls/ControlRigXRayMaterial.uasset" 360
"../../../Engine/Plugins/Animation/ControlRig/Content/Controls/ControlRigXRayMaterial.uexp" 361
"../../../Engine/Plugins/Animation/ControlRig/Content/Controls/ControlRigGizmoMaterial.uasset" 362
"../../../Engine/Plugins/Animation/ControlRig/Content/Controls/ControlRigGizmoMaterial.uexp" 363
"../../../Engine/Content/EngineMaterials/WeightMapPlaceholderTexture.uasset" 364
"../../../Engine/Content/EngineMaterials/WeightMapPlaceholderTexture.uexp" 365
"../../../Engine/Content/EngineMaterials/WeightMapArrayPlaceholderTexture.uasset" 366
"../../../Engine/Content/EngineMaterials/WeightMapArrayPlaceholderTexture.uexp" 367
"../../../Engine/Content/EngineMaterials/RemoveSurfaceMaterial.uasset" 368
"../../../Engine/Content/EngineMaterials/RemoveSurfaceMaterial.uexp" 369
"../../../Engine/Content/EngineMaterials/PreintegratedSkinBRDF.uasset" 370
"../../../Engine/Content/EngineMaterials/PreintegratedSkinBRDF.uexp" 371
"../../../Engine/Content/EngineMaterials/DefaultCalibrationGrayscale.uasset" 372
"../../../Engine/Content/EngineMaterials/DefaultCalibrationGrayscale.uexp" 373
"../../../Engine/Content/EngineMaterials/PPM_DefaultCalibrationGrayscale.uasset" 374
"../../../Engine/Content/EngineMaterials/PPM_DefaultCalibrationGrayscale.uexp" 375
"../../../Engine/Content/EngineMaterials/DefaultCalibrationColor.uasset" 376
"../../../Engine/Content/EngineMaterials/DefaultCalibrationColor.uexp" 377
"../../../Engine/Content/EngineMaterials/PPM_DefaultCalibrationColor.uasset" 378
"../../../Engine/Content/EngineMaterials/PPM_DefaultCalibrationColor.uexp" 379
"../../../Engine/Content/EngineMaterials/PhAT_JointLimitMaterial.uasset" 380
"../../../Engine/Content/EngineMaterials/PhAT_JointLimitMaterial.uexp" 381
"../../../Engine/Content/EngineMaterials/NaniteHiddenSectionMaterial.uasset" 382
"../../../Engine/Content/EngineMaterials/NaniteHiddenSectionMaterial.uexp" 383
"../../../Engine/Content/EngineMaterials/InvalidLightmapSettings.ubulk" 384
"../../../Engine/Content/EngineMaterials/InvalidLightmapSettings.uasset" 385
"../../../Engine/Content/EngineMaterials/InvalidLightmapSettings.uexp" 386
"../../../Engine/Content/EngineMaterials/M_InvalidLightmapSettings.uasset" 387
"../../../Engine/Content/EngineMaterials/M_InvalidLightmapSettings.uexp" 388
"../../../Engine/Content/EngineMaterials/MiniFont.uasset" 389
"../../../Engine/Content/EngineMaterials/MiniFont.uexp" 390
"../../../Engine/Content/EngineMaterials/GizmoMaterial.uasset" 391
"../../../Engine/Content/EngineMaterials/GizmoMaterial.uexp" 392
"../../../Engine/Content/EngineMaterials/BaseFlattenDiffuseMap_VT.uasset" 393
"../../../Engine/Content/EngineMaterials/BaseFlattenDiffuseMap_VT.uexp" 394
"../../../Engine/Content/EngineMaterials/BaseFlattenEmissiveMap_VT.uasset" 395
"../../../Engine/Content/EngineMaterials/BaseFlattenEmissiveMap_VT.uexp" 396
"../../../Engine/Content/EngineMaterials/BaseFlattenGrayscaleMap_VT.uasset" 397
"../../../Engine/Content/EngineMaterials/BaseFlattenGrayscaleMap_VT.uexp" 398
"../../../Engine/Content/EngineMaterials/BaseFlattenLinearColor_VT.uasset" 399
"../../../Engine/Content/EngineMaterials/BaseFlattenLinearColor_VT.uexp" 400
"../../../Engine/Content/EngineMaterials/BaseFlattenNormalMap_VT.uasset" 401
"../../../Engine/Content/EngineMaterials/BaseFlattenNormalMap_VT.uexp" 402
"../../../Engine/Content/EngineMaterials/Black_1x1_EXR_Texture_VT.uasset" 403
"../../../Engine/Content/EngineMaterials/Black_1x1_EXR_Texture_VT.uexp" 404
"../../../Engine/Content/EngineMaterials/FlattenMaterial_WS_Normal_VT.uasset" 405
"../../../Engine/Content/EngineMaterials/FlattenMaterial_WS_Normal_VT.uexp" 406
"../../../Engine/Content/EngineMaterials/FlattenMaterial_VT.uasset" 407
"../../../Engine/Content/EngineMaterials/FlattenMaterial_VT.uexp" 408
"../../../Engine/Content/EngineMaterials/BaseFlattenNormalMap.uasset" 409
"../../../Engine/Content/EngineMaterials/BaseFlattenNormalMap.uexp" 410
"../../../Engine/Content/EngineMaterials/BaseFlattenDiffuseMap.uasset" 411
"../../../Engine/Content/EngineMaterials/BaseFlattenDiffuseMap.uexp" 412
"../../../Engine/Content/EngineMaterials/BaseFlattenEmissiveMap.uasset" 413
"../../../Engine/Content/EngineMaterials/BaseFlattenEmissiveMap.uexp" 414
"../../../Engine/Content/EngineMaterials/BaseFlattenGrayscaleMap.uasset" 415
"../../../Engine/Content/EngineMaterials/BaseFlattenGrayscaleMap.uexp" 416
"../../../Engine/Content/EngineMaterials/BaseFlattenLinearColor.uasset" 417
"../../../Engine/Content/EngineMaterials/BaseFlattenLinearColor.uexp" 418
"../../../Engine/Content/Functions/Engine_MaterialFunctions02/PivotPainter2/Black_1x1_EXR_Texture.uasset" 419
"../../../Engine/Content/Functions/Engine_MaterialFunctions02/PivotPainter2/Black_1x1_EXR_Texture.uexp" 420
"../../../Engine/Content/EngineMaterials/FlattenMaterial.uasset" 421
"../../../Engine/Content/EngineMaterials/FlattenMaterial.uexp" 422
"../../../Engine/Content/EngineMaterials/FastBlueNoise_vec2_128x128x64.uasset" 423
"../../../Engine/Content/EngineMaterials/FastBlueNoise_vec2_128x128x64.uexp" 424
"../../../Engine/Content/EngineMaterials/FastBlueNoise_scalar_128x128x8.uasset" 425
"../../../Engine/Content/EngineMaterials/FastBlueNoise_scalar_128x128x8.uexp" 426
"../../../Engine/Content/EngineMaterials/FastBlueNoise_scalar_128x128x64.uasset" 427
"../../../Engine/Content/EngineMaterials/FastBlueNoise_scalar_128x128x64.uexp" 428
"../../../Engine/Content/EngineMaterials/DefaultWhiteGrid_Low.uasset" 429
"../../../Engine/Content/EngineMaterials/DefaultWhiteGrid_Low.uexp" 430
"../../../Engine/Content/EngineMaterials/EmissiveMeshMaterial.uasset" 431
"../../../Engine/Content/EngineMaterials/EmissiveMeshMaterial.uexp" 432
"../../../Engine/Content/EngineMaterials/DefaultWhiteGrid.ubulk" 433
"../../../Engine/Content/EngineMaterials/DefaultWhiteGrid.uasset" 434
"../../../Engine/Content/EngineMaterials/DefaultWhiteGrid.uexp" 435
"../../../Engine/Content/EngineFonts/RobotoDistanceField.uasset" 436
"../../../Engine/Content/EngineFonts/RobotoDistanceField.uexp" 437
"../../../Engine/Content/EngineMaterials/DefaultTextMaterialOpaque.uasset" 438
"../../../Engine/Content/EngineMaterials/DefaultTextMaterialOpaque.uexp" 439
"../../../Engine/Content/EngineMaterials/DefaultPostProcessMaterial.uasset" 440
"../../../Engine/Content/EngineMaterials/DefaultPostProcessMaterial.uexp" 441
"../../../Engine/Content/EngineMaterials/DefaultLightFunctionMaterial.uasset" 442
"../../../Engine/Content/EngineMaterials/DefaultLightFunctionMaterial.uexp" 443
"../../../Engine/Content/EngineMaterials/DefaultDeferredDecalMaterial.uasset" 444
"../../../Engine/Content/EngineMaterials/DefaultDeferredDecalMaterial.uexp" 445
"../../../Engine/Content/EngineMaterials/DefaultBokeh.uasset" 446
"../../../Engine/Content/EngineMaterials/DefaultBokeh.uexp" 447
"../../../Engine/Content/EngineMaterials/DefaultBloomKernel.uasset" 448
"../../../Engine/Content/EngineMaterials/DefaultBloomKernel.uexp" 449
"../../../Engine/Plugins/VirtualProduction/CameraCalibrationCore/Content/Materials/M_DefaultOddSquare.uasset" 450
"../../../Engine/Plugins/VirtualProduction/CameraCalibrationCore/Content/Materials/M_DefaultOddSquare.uexp" 451
"../../../Engine/Plugins/VirtualProduction/CameraCalibrationCore/Content/Materials/M_DefaultEvenSquare.uasset" 452
"../../../Engine/Plugins/VirtualProduction/CameraCalibrationCore/Content/Materials/M_DefaultEvenSquare.uexp" 453
"../../../Engine/Plugins/Runtime/HairStrands/Content/Materials/HairMeshesDefaultMaterial.uasset" 454
"../../../Engine/Plugins/Runtime/HairStrands/Content/Materials/HairMeshesDefaultMaterial.uexp" 455
"../../../Engine/Plugins/Runtime/HairStrands/Content/Materials/HairDefaultMaterial.uasset" 456
"../../../Engine/Plugins/Runtime/HairStrands/Content/Materials/HairDefaultMaterial.uexp" 457
"../../../Engine/Content/Functions/Engine_MaterialFunctions02/Utility/MakeFloat2.uasset" 458
"../../../Engine/Content/Functions/Engine_MaterialFunctions02/Utility/MakeFloat2.uexp" 459
"../../../Engine/Content/Functions/Engine_MaterialFunctions02/Utility/MakeFloat3.uasset" 460
"../../../Engine/Content/Functions/Engine_MaterialFunctions02/Utility/MakeFloat3.uexp" 461
"../../../Engine/Content/EngineMaterials/HairDebugColor.uasset" 462
"../../../Engine/Content/EngineMaterials/HairDebugColor.uexp" 463
"../../../Engine/Content/EngineMaterials/HairColorMap.uasset" 464
"../../../Engine/Content/EngineMaterials/HairColorMap.uexp" 465
"../../../Engine/Plugins/Runtime/HairStrands/Content/Materials/HairGroupColors.uasset" 466
"../../../Engine/Plugins/Runtime/HairStrands/Content/Materials/HairGroupColors.uexp" 467
"../../../Engine/Plugins/Runtime/HairStrands/Content/Materials/HairDebugMaterial.uasset" 468
"../../../Engine/Plugins/Runtime/HairStrands/Content/Materials/HairDebugMaterial.uexp" 469
"../../../Engine/Plugins/Runtime/HairStrands/Content/Materials/HairCardsDefaultMaterial.uasset" 470
"../../../Engine/Plugins/Runtime/HairStrands/Content/Materials/HairCardsDefaultMaterial.uexp" 471
"../../../Engine/Plugins/Runtime/AudioWidgets/Content/Resources/ScrubHandleDown_Clamped.uasset" 472
"../../../Engine/Plugins/Runtime/AudioWidgets/Content/Resources/ScrubHandleDown_Clamped.uexp" 473
"../../../Engine/Plugins/Marketplace/UnrealMetaXRPlugin.83.0/MetaXR/Content/Meshes/SM_Bevelcube.ubulk" 474
"../../../Engine/Plugins/Marketplace/UnrealMetaXRPlugin.83.0/MetaXR/Content/Meshes/SM_Bevelcube.uasset" 475
"../../../Engine/Plugins/Marketplace/UnrealMetaXRPlugin.83.0/MetaXR/Content/Meshes/SM_Bevelcube.uexp" 476
"../../../Engine/Plugins/Marketplace/UnrealMetaXRPlugin.83.0/MetaXR/Content/Textures/TouchForQuestRiftSController_albedo.ubulk" 477
"../../../Engine/Plugins/Marketplace/UnrealMetaXRPlugin.83.0/MetaXR/Content/Textures/TouchForQuestRiftSController_albedo.uasset" 478
"../../../Engine/Plugins/Marketplace/UnrealMetaXRPlugin.83.0/MetaXR/Content/Textures/TouchForQuestRiftSController_albedo.uexp" 479
"../../../Engine/Plugins/Marketplace/UnrealMetaXRPlugin.83.0/MetaXR/Content/Materials/TouchForQuestRiftSControllerMaterial.uasset" 480
"../../../Engine/Plugins/Marketplace/UnrealMetaXRPlugin.83.0/MetaXR/Content/Materials/TouchForQuestRiftSControllerMaterial.uexp" 481
"../../../Engine/Plugins/Marketplace/UnrealMetaXRPlugin.83.0/MetaXR/Content/Meshes/RightTouchForQuestRiftSController.ubulk" 482
"../../../Engine/Plugins/Marketplace/UnrealMetaXRPlugin.83.0/MetaXR/Content/Meshes/RightTouchForQuestRiftSController.uasset" 483
"../../../Engine/Plugins/Marketplace/UnrealMetaXRPlugin.83.0/MetaXR/Content/Meshes/RightTouchForQuestRiftSController.uexp" 484
"../../../Engine/Plugins/Marketplace/UnrealMetaXRPlugin.83.0/MetaXR/Content/Textures/TouchForQuest2_Color.ubulk" 485
"../../../Engine/Plugins/Marketplace/UnrealMetaXRPlugin.83.0/MetaXR/Content/Textures/TouchForQuest2_Color.uasset" 486
"../../../Engine/Plugins/Marketplace/UnrealMetaXRPlugin.83.0/MetaXR/Content/Textures/TouchForQuest2_Color.uexp" 487
"../../../Engine/Plugins/Marketplace/UnrealMetaXRPlugin.83.0/MetaXR/Content/Textures/TouchForQuest2Material_Roughness.ubulk" 488
"../../../Engine/Plugins/Marketplace/UnrealMetaXRPlugin.83.0/MetaXR/Content/Textures/TouchForQuest2Material_Roughness.uasset" 489
"../../../Engine/Plugins/Marketplace/UnrealMetaXRPlugin.83.0/MetaXR/Content/Textures/TouchForQuest2Material_Roughness.uexp" 490
"../../../Engine/Plugins/Marketplace/UnrealMetaXRPlugin.83.0/MetaXR/Content/Materials/TouchForQuest2Material.uasset" 491
"../../../Engine/Plugins/Marketplace/UnrealMetaXRPlugin.83.0/MetaXR/Content/Materials/TouchForQuest2Material.uexp" 492
"../../../Engine/Plugins/Marketplace/UnrealMetaXRPlugin.83.0/MetaXR/Content/Meshes/RightTouchForQuest2.ubulk" 493
"../../../Engine/Plugins/Marketplace/UnrealMetaXRPlugin.83.0/MetaXR/Content/Meshes/RightTouchForQuest2.uasset" 494
"../../../Engine/Plugins/Marketplace/UnrealMetaXRPlugin.83.0/MetaXR/Content/Meshes/RightTouchForQuest2.uexp" 495
"../../../Engine/Plugins/Marketplace/UnrealMetaXRPlugin.83.0/MetaXR/Content/Textures/RightMetaQuestTouchPro_Color.ubulk" 496
"../../../Engine/Plugins/Marketplace/UnrealMetaXRPlugin.83.0/MetaXR/Content/Textures/RightMetaQuestTouchPro_Color.uasset" 497
"../../../Engine/Plugins/Marketplace/UnrealMetaXRPlugin.83.0/MetaXR/Content/Textures/RightMetaQuestTouchPro_Color.uexp" 498
"../../../Engine/Plugins/Marketplace/UnrealMetaXRPlugin.83.0/MetaXR/Content/Textures/RightMetaQuestTouchPro_Normal.ubulk" 499
"../../../Engine/Plugins/Marketplace/UnrealMetaXRPlugin.83.0/MetaXR/Content/Textures/RightMetaQuestTouchPro_Normal.uasset" 500
"../../../Engine/Plugins/Marketplace/UnrealMetaXRPlugin.83.0/MetaXR/Content/Textures/RightMetaQuestTouchPro_Normal.uexp" 501
"../../../Engine/Plugins/Marketplace/UnrealMetaXRPlugin.83.0/MetaXR/Content/Materials/RightMetaQuestTouchProMaterial.uasset" 502
"../../../Engine/Plugins/Marketplace/UnrealMetaXRPlugin.83.0/MetaXR/Content/Materials/RightMetaQuestTouchProMaterial.uexp" 503
"../../../Engine/Plugins/Marketplace/UnrealMetaXRPlugin.83.0/MetaXR/Content/Meshes/RightMetaQuestTouchPro.ubulk" 504
"../../../Engine/Plugins/Marketplace/UnrealMetaXRPlugin.83.0/MetaXR/Content/Meshes/RightMetaQuestTouchPro.uasset" 505
"../../../Engine/Plugins/Marketplace/UnrealMetaXRPlugin.83.0/MetaXR/Content/Meshes/RightMetaQuestTouchPro.uexp" 506
"../../../Engine/Plugins/Marketplace/UnrealMetaXRPlugin.83.0/MetaXR/Content/Textures/RightMetaQuestTouchPlus_Color.ubulk" 507
"../../../Engine/Plugins/Marketplace/UnrealMetaXRPlugin.83.0/MetaXR/Content/Textures/RightMetaQuestTouchPlus_Color.uasset" 508
"../../../Engine/Plugins/Marketplace/UnrealMetaXRPlugin.83.0/MetaXR/Content/Textures/RightMetaQuestTouchPlus_Color.uexp" 509
"../../../Engine/Plugins/Marketplace/UnrealMetaXRPlugin.83.0/MetaXR/Content/Materials/RightMetaQuestTouchPlusMaterial.uasset" 510
"../../../Engine/Plugins/Marketplace/UnrealMetaXRPlugin.83.0/MetaXR/Content/Materials/RightMetaQuestTouchPlusMaterial.uexp" 511
"../../../Engine/Plugins/Marketplace/UnrealMetaXRPlugin.83.0/MetaXR/Content/Meshes/RightMetaQuestTouchPlus.ubulk" 512
"../../../Engine/Plugins/Marketplace/UnrealMetaXRPlugin.83.0/MetaXR/Content/Meshes/RightMetaQuestTouchPlus.uasset" 513
"../../../Engine/Plugins/Marketplace/UnrealMetaXRPlugin.83.0/MetaXR/Content/Meshes/RightMetaQuestTouchPlus.uexp" 514
"../../../Engine/Plugins/Marketplace/UnrealMetaXRPlugin.83.0/MetaXR/Content/Meshes/LeftTouchForQuestRiftSController.ubulk" 515
"../../../Engine/Plugins/Marketplace/UnrealMetaXRPlugin.83.0/MetaXR/Content/Meshes/LeftTouchForQuestRiftSController.uasset" 516
"../../../Engine/Plugins/Marketplace/UnrealMetaXRPlugin.83.0/MetaXR/Content/Meshes/LeftTouchForQuestRiftSController.uexp" 517
"../../../Engine/Plugins/Marketplace/UnrealMetaXRPlugin.83.0/MetaXR/Content/Meshes/LeftTouchForQuest2.ubulk" 518
"../../../Engine/Plugins/Marketplace/UnrealMetaXRPlugin.83.0/MetaXR/Content/Meshes/LeftTouchForQuest2.uasset" 519
"../../../Engine/Plugins/Marketplace/UnrealMetaXRPlugin.83.0/MetaXR/Content/Meshes/LeftTouchForQuest2.uexp" 520
"../../../Engine/Plugins/Marketplace/UnrealMetaXRPlugin.83.0/MetaXR/Content/Textures/LeftMetaQuestTouchPro_Color.ubulk" 521
"../../../Engine/Plugins/Marketplace/UnrealMetaXRPlugin.83.0/MetaXR/Content/Textures/LeftMetaQuestTouchPro_Color.uasset" 522
"../../../Engine/Plugins/Marketplace/UnrealMetaXRPlugin.83.0/MetaXR/Content/Textures/LeftMetaQuestTouchPro_Color.uexp" 523
"../../../Engine/Plugins/Marketplace/UnrealMetaXRPlugin.83.0/MetaXR/Content/Textures/LeftMetaQuestTouchPro_Normal.ubulk" 524
"../../../Engine/Plugins/Marketplace/UnrealMetaXRPlugin.83.0/MetaXR/Content/Textures/LeftMetaQuestTouchPro_Normal.uasset" 525
"../../../Engine/Plugins/Marketplace/UnrealMetaXRPlugin.83.0/MetaXR/Content/Textures/LeftMetaQuestTouchPro_Normal.uexp" 526
"../../../Engine/Plugins/Marketplace/UnrealMetaXRPlugin.83.0/MetaXR/Content/Materials/LeftMetaQuestTouchProMaterial.uasset" 527
"../../../Engine/Plugins/Marketplace/UnrealMetaXRPlugin.83.0/MetaXR/Content/Materials/LeftMetaQuestTouchProMaterial.uexp" 528
"../../../Engine/Plugins/Marketplace/UnrealMetaXRPlugin.83.0/MetaXR/Content/Meshes/LeftMetaQuestTouchPro.ubulk" 529
"../../../Engine/Plugins/Marketplace/UnrealMetaXRPlugin.83.0/MetaXR/Content/Meshes/LeftMetaQuestTouchPro.uasset" 530
"../../../Engine/Plugins/Marketplace/UnrealMetaXRPlugin.83.0/MetaXR/Content/Meshes/LeftMetaQuestTouchPro.uexp" 531
"../../../Engine/Plugins/Marketplace/UnrealMetaXRPlugin.83.0/MetaXR/Content/Textures/LeftMetaQuestTouchPlus_Color.ubulk" 532
"../../../Engine/Plugins/Marketplace/UnrealMetaXRPlugin.83.0/MetaXR/Content/Textures/LeftMetaQuestTouchPlus_Color.uasset" 533
"../../../Engine/Plugins/Marketplace/UnrealMetaXRPlugin.83.0/MetaXR/Content/Textures/LeftMetaQuestTouchPlus_Color.uexp" 534
"../../../Engine/Plugins/Marketplace/UnrealMetaXRPlugin.83.0/MetaXR/Content/Materials/LeftMetaQuestTouchPlusMaterial.uasset" 535
"../../../Engine/Plugins/Marketplace/UnrealMetaXRPlugin.83.0/MetaXR/Content/Materials/LeftMetaQuestTouchPlusMaterial.uexp" 536
"../../../Engine/Plugins/Marketplace/UnrealMetaXRPlugin.83.0/MetaXR/Content/Meshes/LeftMetaQuestTouchPlus.ubulk" 537
"../../../Engine/Plugins/Marketplace/UnrealMetaXRPlugin.83.0/MetaXR/Content/Meshes/LeftMetaQuestTouchPlus.uasset" 538
"../../../Engine/Plugins/Marketplace/UnrealMetaXRPlugin.83.0/MetaXR/Content/Meshes/LeftMetaQuestTouchPlus.uexp" 539
"../../../Engine/Plugins/Marketplace/UnrealMetaXRPlugin.83.0/MetaXR/Content/Materials/PokeAHoleMaterial.uasset" 540
"../../../Engine/Plugins/Marketplace/UnrealMetaXRPlugin.83.0/MetaXR/Content/Materials/PokeAHoleMaterial.uexp" 541
"../../../Engine/Plugins/Marketplace/UnrealMetaXRPlugin.83.0/MetaXR/Content/Materials/OculusMR_OpaqueColoredMaterial.uasset" 542
"../../../Engine/Plugins/Marketplace/UnrealMetaXRPlugin.83.0/MetaXR/Content/Materials/OculusMR_OpaqueColoredMaterial.uexp" 543
"../../../Engine/Plugins/Marketplace/UnrealMetaXRPlugin.83.0/MetaXR/Content/Materials/M_SceneObjectMask.uasset" 544
"../../../Engine/Plugins/Marketplace/UnrealMetaXRPlugin.83.0/MetaXR/Content/Materials/M_SceneObjectMask.uexp" 545
"../../../Engine/Content/Functions/Engine_MaterialFunctions02/Utility/BreakOutFloat4Components.uasset" 546
"../../../Engine/Content/Functions/Engine_MaterialFunctions02/Utility/BreakOutFloat4Components.uexp" 547
"../../../Engine/Plugins/Marketplace/UnrealMetaXRPlugin.83.0/MetaXR/Content/Textures/CRT_JumpFlood1.uasset" 548
"../../../Engine/Plugins/Marketplace/UnrealMetaXRPlugin.83.0/MetaXR/Content/Textures/CRT_JumpFlood1.uexp" 549
"../../../Engine/Content/Functions/Engine_MaterialFunctions01/Texturing/PointSampledUVs.uasset" 550
"../../../Engine/Content/Functions/Engine_MaterialFunctions01/Texturing/PointSampledUVs.uexp" 551
"../../../Engine/Plugins/Marketplace/UnrealMetaXRPlugin.83.0/MetaXR/Content/Materials/M_JFAPass.uasset" 552
"../../../Engine/Plugins/Marketplace/UnrealMetaXRPlugin.83.0/MetaXR/Content/Materials/M_JFAPass.uexp" 553
"../../../Engine/Plugins/Marketplace/UnrealMetaXRPlugin.83.0/MetaXR/Content/Materials/M_FloorMask.uasset" 554
"../../../Engine/Plugins/Marketplace/UnrealMetaXRPlugin.83.0/MetaXR/Content/Materials/M_FloorMask.uexp" 555
"../../../Engine/Plugins/Marketplace/UnrealMetaXRPlugin.83.0/MetaXR/Content/Textures/CRT_JumpFlood2.uasset" 556
"../../../Engine/Plugins/Marketplace/UnrealMetaXRPlugin.83.0/MetaXR/Content/Textures/CRT_JumpFlood2.uexp" 557
"../../../Engine/Plugins/Marketplace/UnrealMetaXRPlugin.83.0/MetaXR/Content/Materials/M_DistanceMapOccupied.uasset" 558
"../../../Engine/Plugins/Marketplace/UnrealMetaXRPlugin.83.0/MetaXR/Content/Materials/M_DistanceMapOccupied.uexp" 559
"../../../Engine/Plugins/Marketplace/UnrealMetaXRPlugin.83.0/MetaXR/Content/Materials/M_DistanceMapFree.uasset" 560
"../../../Engine/Plugins/Marketplace/UnrealMetaXRPlugin.83.0/MetaXR/Content/Materials/M_DistanceMapFree.uexp" 561
"../../../Engine/Plugins/Marketplace/UnrealMetaXRPlugin.83.0/MetaXR/Content/Materials/M_DistanceMapAll.uasset" 562
"../../../Engine/Plugins/Marketplace/UnrealMetaXRPlugin.83.0/MetaXR/Content/Materials/M_DistanceMapAll.uexp" 563
"../../../Engine/Content/Functions/Engine_MaterialFunctions02/Utility/MakeFloat4.uasset" 564
"../../../Engine/Content/Functions/Engine_MaterialFunctions02/Utility/MakeFloat4.uexp" 565
"../../../Engine/Plugins/Marketplace/UnrealMetaXRPlugin.83.0/MetaXR/Content/Textures/CRT_Mask.uasset" 566
"../../../Engine/Plugins/Marketplace/UnrealMetaXRPlugin.83.0/MetaXR/Content/Textures/CRT_Mask.uexp" 567
"../../../Engine/Plugins/Marketplace/UnrealMetaXRPlugin.83.0/MetaXR/Content/Materials/M_CreateMask.uasset" 568
"../../../Engine/Plugins/Marketplace/UnrealMetaXRPlugin.83.0/MetaXR/Content/Materials/M_CreateMask.uexp" 569
"../../../Engine/Plugins/Interchange/Assets/Content/Functions/MX_UsdPreviewSurface.uasset" 570
"../../../Engine/Plugins/Interchange/Assets/Content/Functions/MX_UsdPreviewSurface.uexp" 571
"../../../Engine/Plugins/Interchange/Assets/Content/Functions/MX_UniformEDF.uasset" 572
"../../../Engine/Plugins/Interchange/Assets/Content/Functions/MX_UniformEDF.uexp" 573
"../../../Engine/Plugins/Interchange/Assets/Content/Functions/MX_TranslucentBSDF.uasset" 574
"../../../Engine/Plugins/Interchange/Assets/Content/Functions/MX_TranslucentBSDF.uexp" 575
"../../../Engine/Plugins/Interchange/Assets/Content/Functions/MX_ThinFilmBSDF.uasset" 576
"../../../Engine/Plugins/Interchange/Assets/Content/Functions/MX_ThinFilmBSDF.uexp" 577
"../../../Engine/Plugins/Interchange/Assets/Content/Functions/MX_SurfaceUnlit.uasset" 578
"../../../Engine/Plugins/Interchange/Assets/Content/Functions/MX_SurfaceUnlit.uexp" 579
"../../../Engine/Plugins/Interchange/Assets/Content/Functions/MX_Surface.uasset" 580
"../../../Engine/Plugins/Interchange/Assets/Content/Functions/MX_Surface.uexp" 581
"../../../Engine/Plugins/Interchange/Assets/Content/Functions/MX_SubsurfaceBSDF.uasset" 582
"../../../Engine/Plugins/Interchange/Assets/Content/Functions/MX_SubsurfaceBSDF.uexp" 583
"../../../Engine/Plugins/Interchange/Assets/Content/Functions/MX_SheenBSDF.uasset" 584
"../../../Engine/Plugins/Interchange/Assets/Content/Functions/MX_SheenBSDF.uexp" 585
"../../../Engine/Plugins/Interchange/Assets/Content/Functions/MX_OrenNayarBSDF.uasset" 586
"../../../Engine/Plugins/Interchange/Assets/Content/Functions/MX_OrenNayarBSDF.uexp" 587
"../../../Engine/Plugins/Interchange/Assets/Content/Functions/MF_IridescenceNoLUT.uasset" 588
"../../../Engine/Plugins/Interchange/Assets/Content/Functions/MF_IridescenceNoLUT.uexp" 589
"../../../Engine/Plugins/Interchange/Assets/Content/Functions/MX_StandardSurface.uasset" 590
"../../../Engine/Plugins/Interchange/Assets/Content/Functions/MX_StandardSurface.uexp" 591
"../../../Engine/Plugins/Interchange/Assets/Content/Functions/MX_TransmissionSurface.uasset" 592
"../../../Engine/Plugins/Interchange/Assets/Content/Functions/MX_TransmissionSurface.uexp" 593
"../../../Engine/Plugins/Interchange/Assets/Content/Functions/MX_OpenPBR_Translucent.uasset" 594
"../../../Engine/Plugins/Interchange/Assets/Content/Functions/MX_OpenPBR_Translucent.uexp" 595
"../../../Engine/Plugins/Interchange/Assets/Content/Functions/MX_OpenPBR_Opaque.uasset" 596
"../../../Engine/Plugins/Interchange/Assets/Content/Functions/MX_OpenPBR_Opaque.uexp" 597
"../../../Engine/Plugins/Interchange/Assets/Content/Functions/MX_MeasuredEDF.uasset" 598
"../../../Engine/Plugins/Interchange/Assets/Content/Functions/MX_MeasuredEDF.uexp" 599
"../../../Engine/Plugins/Interchange/Assets/Content/Functions/MX_GeneralizedSchlickBSDF.uasset" 600
"../../../Engine/Plugins/Interchange/Assets/Content/Functions/MX_GeneralizedSchlickBSDF.uexp" 601
"../../../Engine/Plugins/Interchange/Assets/Content/Functions/MX_Displacement.uasset" 602
"../../../Engine/Plugins/Interchange/Assets/Content/Functions/MX_Displacement.uexp" 603
"../../../Engine/Plugins/Interchange/Assets/Content/Functions/MX_DielectricBSDF.uasset" 604
"../../../Engine/Plugins/Interchange/Assets/Content/Functions/MX_DielectricBSDF.uexp" 605
"../../../Engine/Plugins/Interchange/Assets/Content/Functions/MX_ConicalEDF.uasset" 606
"../../../Engine/Plugins/Interchange/Assets/Content/Functions/MX_ConicalEDF.uexp" 607
"../../../Engine/Plugins/Interchange/Assets/Content/Functions/MX_ConductorBSDF.uasset" 608
"../../../Engine/Plugins/Interchange/Assets/Content/Functions/MX_ConductorBSDF.uexp" 609
"../../../Engine/Plugins/Interchange/Assets/Content/Functions/MX_BurleyDiffuseBSDF.uasset" 610
"../../../Engine/Plugins/Interchange/Assets/Content/Functions/MX_BurleyDiffuseBSDF.uexp" 611
"../../../Engine/Plugins/Interchange/Assets/Content/Functions/MX_AnisotropicVDF.uasset" 612
"../../../Engine/Plugins/Interchange/Assets/Content/Functions/MX_AnisotropicVDF.uexp" 613
"../../../Engine/Plugins/Interchange/Assets/Content/Functions/MX_AbsorptionVDF.uasset" 614
"../../../Engine/Plugins/Interchange/Assets/Content/Functions/MX_AbsorptionVDF.uexp" 615
"../../../Engine/Content/EditorMaterials/Dataflow/DataflowVertexMaterial.uasset" 616
"../../../Engine/Content/EditorMaterials/Dataflow/DataflowVertexMaterial.uexp" 617
"../../../Engine/Content/EditorMaterials/Dataflow/DataflowTwoSidedVertexMaterial.uasset" 618
"../../../Engine/Content/EditorMaterials/Dataflow/DataflowTwoSidedVertexMaterial.uexp" 619
"../../../Engine/Content/EngineResources/FilmGrains/Marcie_Grain_v3_128_M2_000.uasset" 620
"../../../Engine/Content/EngineResources/FilmGrains/Marcie_Grain_v3_128_M2_000.uexp" 621
"../../../Engine/Content/EngineResources/Development/ZenLogo_64.uasset" 622
"../../../Engine/Content/EngineResources/Development/ZenLogo_64.uexp" 623
"../../../Engine/Content/EngineMaterials/LTC/Sheen_LTC.uasset" 624
"../../../Engine/Content/EngineMaterials/LTC/Sheen_LTC.uexp" 625
"../../../Engine/Content/EngineMaterials/LTC/GGX_LTCMat.uasset" 626
"../../../Engine/Content/EngineMaterials/LTC/GGX_LTCMat.uexp" 627
"../../../Engine/Content/EngineMaterials/LTC/GGX_LTCAmp.uasset" 628
"../../../Engine/Content/EngineMaterials/LTC/GGX_LTCAmp.uexp" 629
"../../../Engine/Content/EngineMaterials/EnergyConservation/Sheen_Energy.uasset" 630
"../../../Engine/Content/EngineMaterials/EnergyConservation/Sheen_Energy.uexp" 631
"../../../Engine/Content/EngineMaterials/EnergyConservation/SheenLegacy_Energy.uasset" 632
"../../../Engine/Content/EngineMaterials/EnergyConservation/SheenLegacy_Energy.uexp" 633
"../../../Engine/Content/EngineMaterials/EnergyConservation/GGX_TransmissionEnergyArray.uasset" 634
"../../../Engine/Content/EngineMaterials/EnergyConservation/GGX_TransmissionEnergyArray.uexp" 635
"../../../Engine/Content/EngineMaterials/EnergyConservation/GGX_ReflectionEnergy.uasset" 636
"../../../Engine/Content/EngineMaterials/EnergyConservation/GGX_ReflectionEnergy.uexp" 637
"../../../Engine/Content/EngineMaterials/EnergyConservation/Diffuse_Energy.uasset" 638
"../../../Engine/Content/EngineMaterials/EnergyConservation/Diffuse_Energy.uexp" 639
"../../../Engine/Content/EditorResources/SequenceRecorder/RecordingIndicator.uasset" 640
"../../../Engine/Content/EditorResources/SequenceRecorder/RecordingIndicator.uexp" 641
"../../../Engine/Content/EditorResources/SequenceRecorder/Countdown.uasset" 642
"../../../Engine/Content/EditorResources/SequenceRecorder/Countdown.uexp" 643
"../../../Engine/Content/EditorMaterials/Camera/CineMat.uasset" 644
"../../../Engine/Content/EditorMaterials/Camera/CineMat.uexp" 645
"../../../Engine/Content/EditorMaterials/Camera/MI_CineMat_Rig.uasset" 646
"../../../Engine/Content/EditorMaterials/Camera/MI_CineMat_Rig.uexp" 647
"../../../Engine/Content/EditorMeshes/Camera/SM_RailRig_Track.ubulk" 648
"../../../Engine/Content/EditorMeshes/Camera/SM_RailRig_Track.uasset" 649
"../../../Engine/Content/EditorMeshes/Camera/SM_RailRig_Track.uexp" 650
"../../../Engine/Content/EditorMeshes/Camera/SM_RailRig_Mount.ubulk" 651
"../../../Engine/Content/EditorMeshes/Camera/SM_RailRig_Mount.uasset" 652
"../../../Engine/Content/EditorMeshes/Camera/SM_RailRig_Mount.uexp" 653
"../../../Engine/Content/EditorMeshes/Camera/SM_CraneRig_Mount.ubulk" 654
"../../../Engine/Content/EditorMeshes/Camera/SM_CraneRig_Mount.uasset" 655
"../../../Engine/Content/EditorMeshes/Camera/SM_CraneRig_Mount.uexp" 656
"../../../Engine/Content/EditorMeshes/Camera/SM_CraneRig_Body.ubulk" 657
"../../../Engine/Content/EditorMeshes/Camera/SM_CraneRig_Body.uasset" 658
"../../../Engine/Content/EditorMeshes/Camera/SM_CraneRig_Body.uexp" 659
"../../../Engine/Content/EditorMeshes/Camera/SM_CraneRig_Base.ubulk" 660
"../../../Engine/Content/EditorMeshes/Camera/SM_CraneRig_Base.uasset" 661
"../../../Engine/Content/EditorMeshes/Camera/SM_CraneRig_Base.uexp" 662
"../../../Engine/Content/EditorMeshes/Camera/SM_CraneRig_Arm.ubulk" 663
"../../../Engine/Content/EditorMeshes/Camera/SM_CraneRig_Arm.uasset" 664
"../../../Engine/Content/EditorMeshes/Camera/SM_CraneRig_Arm.uexp" 665
"../../../Engine/Content/EditorMaterials/ParticleSystems/PSysThumbnail_OOD.ubulk" 666
"../../../Engine/Content/EditorMaterials/ParticleSystems/PSysThumbnail_OOD.uasset" 667
"../../../Engine/Content/EditorMaterials/ParticleSystems/PSysThumbnail_OOD.uexp" 668
"../../../Engine/Content/EditorMaterials/ParticleSystems/PSysThumbnail_NoImage.ubulk" 669
"../../../Engine/Content/EditorMaterials/ParticleSystems/PSysThumbnail_NoImage.uasset" 670
"../../../Engine/Content/EditorMaterials/ParticleSystems/PSysThumbnail_NoImage.uexp" 671
"../../../Engine/Content/EngineResources/Black.uasset" 672
"../../../Engine/Content/EngineResources/Black.uexp" 673
"../../../Engine/Plugins/Runtime/OpenXR/Content/Devices/M_XRController.uasset" 674
"../../../Engine/Plugins/Runtime/OpenXR/Content/Devices/M_XRController.uexp" 675
"../../../Engine/Plugins/Runtime/OpenXR/Content/Devices/OculusGo/BaseTexture.ubulk" 676
"../../../Engine/Plugins/Runtime/OpenXR/Content/Devices/OculusGo/BaseTexture.uasset" 677
"../../../Engine/Plugins/Runtime/OpenXR/Content/Devices/OculusGo/BaseTexture.uexp" 678
"../../../Engine/Plugins/Runtime/OpenXR/Content/Devices/OculusGo/MI_OculusGo.uasset" 679
"../../../Engine/Plugins/Runtime/OpenXR/Content/Devices/OculusGo/MI_OculusGo.uexp" 680
"../../../Engine/Plugins/Runtime/OpenXR/Content/Devices/OculusGo/OculusGoController.ubulk" 681
"../../../Engine/Plugins/Runtime/OpenXR/Content/Devices/OculusGo/OculusGoController.uasset" 682
"../../../Engine/Plugins/Runtime/OpenXR/Content/Devices/OculusGo/OculusGoController.uexp" 683
"../../../Engine/Plugins/Runtime/OpenXR/Content/Devices/HTCVive/BaseTexture.ubulk" 684
"../../../Engine/Plugins/Runtime/OpenXR/Content/Devices/HTCVive/BaseTexture.uasset" 685
"../../../Engine/Plugins/Runtime/OpenXR/Content/Devices/HTCVive/BaseTexture.uexp" 686
"../../../Engine/Plugins/Runtime/OpenXR/Content/Devices/HTCVive/MI_HTCVive.uasset" 687
"../../../Engine/Plugins/Runtime/OpenXR/Content/Devices/HTCVive/MI_HTCVive.uexp" 688
"../../../Engine/Plugins/Runtime/OpenXR/Content/Devices/HTCVive/HTCViveController.ubulk" 689
"../../../Engine/Plugins/Runtime/OpenXR/Content/Devices/HTCVive/HTCViveController.uasset" 690
"../../../Engine/Plugins/Runtime/OpenXR/Content/Devices/HTCVive/HTCViveController.uexp" 691
"../../../Engine/Content/VREditor/TransformGizmo/Xray.uasset" 692
"../../../Engine/Content/VREditor/TransformGizmo/Xray.uexp" 693
"../../../Engine/Content/VREditor/TransformGizmo/Main.uasset" 694
"../../../Engine/Content/VREditor/TransformGizmo/Main.uexp" 695
"../../../Engine/Content/VREditor/TransformGizmo/SM_Sequencer_Node.ubulk" 696
"../../../Engine/Content/VREditor/TransformGizmo/SM_Sequencer_Node.uasset" 697
"../../../Engine/Content/VREditor/TransformGizmo/SM_Sequencer_Node.uexp" 698
"../../../Engine/Content/VREditor/TransformGizmo/TranslucentTransformGizmoMaterial.uasset" 699
"../../../Engine/Content/VREditor/TransformGizmo/TranslucentTransformGizmoMaterial.uexp" 700
"../../../Engine/Content/VREditor/LaserPointer/VR_LaserPower_01.ubulk" 701
"../../../Engine/Content/VREditor/LaserPointer/VR_LaserPower_01.uasset" 702
"../../../Engine/Content/VREditor/LaserPointer/VR_LaserPower_01.uexp" 703
"../../../Engine/Content/VREditor/TransformGizmo/TransformGizmoMaterial.uasset" 704
"../../../Engine/Content/VREditor/TransformGizmo/TransformGizmoMaterial.uexp" 705
"../../../Engine/Content/VREditor/TransformGizmo/BoundingBoxEdge.ubulk" 706
"../../../Engine/Content/VREditor/TransformGizmo/BoundingBoxEdge.uasset" 707
"../../../Engine/Content/VREditor/TransformGizmo/BoundingBoxEdge.uexp" 708
"../../../Engine/Content/VREditor/TransformGizmo/BoundingBoxCorner.ubulk" 709
"../../../Engine/Content/VREditor/TransformGizmo/BoundingBoxCorner.uasset" 710
"../../../Engine/Content/VREditor/TransformGizmo/BoundingBoxCorner.uexp" 711
"../../../Engine/Content/ArtTools/RenderToTexture/Meshes/S_1_Unit_Plane.ubulk" 712
"../../../Engine/Content/ArtTools/RenderToTexture/Meshes/S_1_Unit_Plane.uasset" 713
"../../../Engine/Content/ArtTools/RenderToTexture/Meshes/S_1_Unit_Plane.uexp" 714
"../../../Engine/Content/EngineMaterials/Substrate/Volume/SubstrateSimpleVolumeLUT3D.uasset" 715
"../../../Engine/Content/EngineMaterials/Substrate/Volume/SubstrateSimpleVolumeLUT3D.uexp" 716
"../../../Engine/Content/EngineMaterials/Substrate/Volume/SubstrateSimpleVolumeEnvLUT3D.uasset" 717
"../../../Engine/Content/EngineMaterials/Substrate/Volume/SubstrateSimpleVolumeEnvLUT3D.uexp" 718
"../../../Engine/Content/EngineResources/DefaultTextureCube.uasset" 719
"../../../Engine/Content/EngineResources/DefaultTextureCube.uexp" 720
"../../../Engine/Content/EngineResources/DefaultVolumeTexture2D.uasset" 721
"../../../Engine/Content/EngineResources/DefaultVolumeTexture2D.uexp" 722
"../../../Engine/Content/EngineResources/DefaultVolumeTexture.uasset" 723
"../../../Engine/Content/EngineResources/DefaultVolumeTexture.uexp" 724
"../../../Engine/Content/EngineMaterials/Substrate/Glints2/AGlintTex2dArray2.uasset" 725
"../../../Engine/Content/EngineMaterials/Substrate/Glints2/AGlintTex2dArray2.uexp" 726
"../../../Engine/Plugins/Runtime/OpenXR/Content/Devices/ValveIndex/MRTexture.ubulk" 727
"../../../Engine/Plugins/Runtime/OpenXR/Content/Devices/ValveIndex/MRTexture.uasset" 728
"../../../Engine/Plugins/Runtime/OpenXR/Content/Devices/ValveIndex/MRTexture.uexp" 729
"../../../Engine/Plugins/Runtime/OpenXR/Content/Devices/ValveIndex/BaseTexture.ubulk" 730
"../../../Engine/Plugins/Runtime/OpenXR/Content/Devices/ValveIndex/BaseTexture.uasset" 731
"../../../Engine/Plugins/Runtime/OpenXR/Content/Devices/ValveIndex/BaseTexture.uexp" 732
"../../../Engine/Plugins/Runtime/OpenXR/Content/Devices/ValveIndex/Right/MI_right_ValveIndex.uasset" 733
"../../../Engine/Plugins/Runtime/OpenXR/Content/Devices/ValveIndex/Right/MI_right_ValveIndex.uexp" 734
"../../../Engine/Plugins/Runtime/OpenXR/Content/Devices/ValveIndex/Right/right_ValveIndexController.ubulk" 735
"../../../Engine/Plugins/Runtime/OpenXR/Content/Devices/ValveIndex/Right/right_ValveIndexController.uasset" 736
"../../../Engine/Plugins/Runtime/OpenXR/Content/Devices/ValveIndex/Right/right_ValveIndexController.uexp" 737
"../../../Engine/Plugins/Runtime/OpenXR/Content/Devices/ValveIndex/Left/MI_left_ValveIndex.uasset" 738
"../../../Engine/Plugins/Runtime/OpenXR/Content/Devices/ValveIndex/Left/MI_left_ValveIndex.uexp" 739
"../../../Engine/Plugins/Runtime/OpenXR/Content/Devices/ValveIndex/Left/left_ValveIndexController.ubulk" 740
"../../../Engine/Plugins/Runtime/OpenXR/Content/Devices/ValveIndex/Left/left_ValveIndexController.uasset" 741
"../../../Engine/Plugins/Runtime/OpenXR/Content/Devices/ValveIndex/Left/left_ValveIndexController.uexp" 742
"../../../Engine/Plugins/Runtime/OpenXR/Content/Devices/OculusTouch_v3/MRTexture.ubulk" 743
"../../../Engine/Plugins/Runtime/OpenXR/Content/Devices/OculusTouch_v3/MRTexture.uasset" 744
"../../../Engine/Plugins/Runtime/OpenXR/Content/Devices/OculusTouch_v3/MRTexture.uexp" 745
"../../../Engine/Plugins/Runtime/OpenXR/Content/Devices/OculusTouch_v3/BaseTexture.ubulk" 746
"../../../Engine/Plugins/Runtime/OpenXR/Content/Devices/OculusTouch_v3/BaseTexture.uasset" 747
"../../../Engine/Plugins/Runtime/OpenXR/Content/Devices/OculusTouch_v3/BaseTexture.uexp" 748
"../../../Engine/Plugins/Runtime/OpenXR/Content/Devices/OculusTouch_v3/MI_OculusTouch_v3.uasset" 749
"../../../Engine/Plugins/Runtime/OpenXR/Content/Devices/OculusTouch_v3/MI_OculusTouch_v3.uexp" 750
"../../../Engine/Plugins/Runtime/OpenXR/Content/Devices/OculusTouch_v3/Right/right_OculusTouch_v3Controller.ubulk" 751
"../../../Engine/Plugins/Runtime/OpenXR/Content/Devices/OculusTouch_v3/Right/right_OculusTouch_v3Controller.uasset" 752
"../../../Engine/Plugins/Runtime/OpenXR/Content/Devices/OculusTouch_v3/Right/right_OculusTouch_v3Controller.uexp" 753
"../../../Engine/Plugins/Runtime/OpenXR/Content/Devices/OculusTouch_v3/Left/left_OculusTouch_v3Controller.ubulk" 754
"../../../Engine/Plugins/Runtime/OpenXR/Content/Devices/OculusTouch_v3/Left/left_OculusTouch_v3Controller.uasset" 755
"../../../Engine/Plugins/Runtime/OpenXR/Content/Devices/OculusTouch_v3/Left/left_OculusTouch_v3Controller.uexp" 756
"../../../Engine/Plugins/Runtime/OpenXR/Content/Devices/OculusTouch_v2/MRTexture.ubulk" 757
"../../../Engine/Plugins/Runtime/OpenXR/Content/Devices/OculusTouch_v2/MRTexture.uasset" 758
"../../../Engine/Plugins/Runtime/OpenXR/Content/Devices/OculusTouch_v2/MRTexture.uexp" 759
"../../../Engine/Plugins/Runtime/OpenXR/Content/Devices/OculusTouch_v2/BaseTexture.ubulk" 760
"../../../Engine/Plugins/Runtime/OpenXR/Content/Devices/OculusTouch_v2/BaseTexture.uasset" 761
"../../../Engine/Plugins/Runtime/OpenXR/Content/Devices/OculusTouch_v2/BaseTexture.uexp" 762
"../../../Engine/Plugins/Runtime/OpenXR/Content/Devices/OculusTouch_v2/MI_OculusTouch_v2.uasset" 763
"../../../Engine/Plugins/Runtime/OpenXR/Content/Devices/OculusTouch_v2/MI_OculusTouch_v2.uexp" 764
"../../../Engine/Plugins/Runtime/OpenXR/Content/Devices/OculusTouch_v2/Right/right_OculusTouch_v2Controller.ubulk" 765
"../../../Engine/Plugins/Runtime/OpenXR/Content/Devices/OculusTouch_v2/Right/right_OculusTouch_v2Controller.uasset" 766
"../../../Engine/Plugins/Runtime/OpenXR/Content/Devices/OculusTouch_v2/Right/right_OculusTouch_v2Controller.uexp" 767
"../../../Engine/Plugins/Runtime/OpenXR/Content/Devices/OculusTouch_v2/Left/left_OculusTouch_v2Controller.ubulk" 768
"../../../Engine/Plugins/Runtime/OpenXR/Content/Devices/OculusTouch_v2/Left/left_OculusTouch_v2Controller.uasset" 769
"../../../Engine/Plugins/Runtime/OpenXR/Content/Devices/OculusTouch_v2/Left/left_OculusTouch_v2Controller.uexp" 770
"../../../Engine/Plugins/Runtime/OpenXR/Content/Devices/OculusTouch/MRTexture.ubulk" 771
"../../../Engine/Plugins/Runtime/OpenXR/Content/Devices/OculusTouch/MRTexture.uasset" 772
"../../../Engine/Plugins/Runtime/OpenXR/Content/Devices/OculusTouch/MRTexture.uexp" 773
"../../../Engine/Plugins/Runtime/OpenXR/Content/Devices/OculusTouch/BaseTexture.ubulk" 774
"../../../Engine/Plugins/Runtime/OpenXR/Content/Devices/OculusTouch/BaseTexture.uasset" 775
"../../../Engine/Plugins/Runtime/OpenXR/Content/Devices/OculusTouch/BaseTexture.uexp" 776
"../../../Engine/Plugins/Runtime/OpenXR/Content/Devices/OculusTouch/MI_OculusTouch.uasset" 777
"../../../Engine/Plugins/Runtime/OpenXR/Content/Devices/OculusTouch/MI_OculusTouch.uexp" 778
"../../../Engine/Plugins/Runtime/OpenXR/Content/Devices/OculusTouch/Right/right_OculusTouchController.ubulk" 779
"../../../Engine/Plugins/Runtime/OpenXR/Content/Devices/OculusTouch/Right/right_OculusTouchController.uasset" 780
"../../../Engine/Plugins/Runtime/OpenXR/Content/Devices/OculusTouch/Right/right_OculusTouchController.uexp" 781
"../../../Engine/Plugins/Runtime/OpenXR/Content/Devices/OculusTouch/Left/left_OculusTouchController.ubulk" 782
"../../../Engine/Plugins/Runtime/OpenXR/Content/Devices/OculusTouch/Left/left_OculusTouchController.uasset" 783
"../../../Engine/Plugins/Runtime/OpenXR/Content/Devices/OculusTouch/Left/left_OculusTouchController.uexp" 784
"../../../Engine/Plugins/Runtime/OpenXR/Content/Devices/MicrosoftMixedReality/NormalTexture.ubulk" 785
"../../../Engine/Plugins/Runtime/OpenXR/Content/Devices/MicrosoftMixedReality/NormalTexture.uasset" 786
"../../../Engine/Plugins/Runtime/OpenXR/Content/Devices/MicrosoftMixedReality/NormalTexture.uexp" 787
"../../../Engine/Plugins/Runtime/OpenXR/Content/Devices/MicrosoftMixedReality/MRTexture.ubulk" 788
"../../../Engine/Plugins/Runtime/OpenXR/Content/Devices/MicrosoftMixedReality/MRTexture.uasset" 789
"../../../Engine/Plugins/Runtime/OpenXR/Content/Devices/MicrosoftMixedReality/MRTexture.uexp" 790
"../../../Engine/Plugins/Runtime/OpenXR/Content/Devices/MicrosoftMixedReality/EmissiveTexture.ubulk" 791
"../../../Engine/Plugins/Runtime/OpenXR/Content/Devices/MicrosoftMixedReality/EmissiveTexture.uasset" 792
"../../../Engine/Plugins/Runtime/OpenXR/Content/Devices/MicrosoftMixedReality/EmissiveTexture.uexp" 793
"../../../Engine/Plugins/Runtime/OpenXR/Content/Devices/MicrosoftMixedReality/BaseTexture.ubulk" 794
"../../../Engine/Plugins/Runtime/OpenXR/Content/Devices/MicrosoftMixedReality/BaseTexture.uasset" 795
"../../../Engine/Plugins/Runtime/OpenXR/Content/Devices/MicrosoftMixedReality/BaseTexture.uexp" 796
"../../../Engine/Plugins/Runtime/OpenXR/Content/Devices/MicrosoftMixedReality/MI_MicrosoftMixedReality.uasset" 797
"../../../Engine/Plugins/Runtime/OpenXR/Content/Devices/MicrosoftMixedReality/MI_MicrosoftMixedReality.uexp" 798
"../../../Engine/Plugins/Runtime/OpenXR/Content/Devices/MicrosoftMixedReality/Right/right_MicrosoftMixedRealityController.ubulk" 799
"../../../Engine/Plugins/Runtime/OpenXR/Content/Devices/MicrosoftMixedReality/Right/right_MicrosoftMixedRealityController.uasset" 800
"../../../Engine/Plugins/Runtime/OpenXR/Content/Devices/MicrosoftMixedReality/Right/right_MicrosoftMixedRealityController.uexp" 801
"../../../Engine/Plugins/Runtime/OpenXR/Content/Devices/MicrosoftMixedReality/Left/left_MicrosoftMixedRealityController.ubulk" 802
"../../../Engine/Plugins/Runtime/OpenXR/Content/Devices/MicrosoftMixedReality/Left/left_MicrosoftMixedRealityController.uasset" 803
"../../../Engine/Plugins/Runtime/OpenXR/Content/Devices/MicrosoftMixedReality/Left/left_MicrosoftMixedRealityController.uexp" 804
"../../../Engine/Content/Functions/Engine_MaterialFunctions01/Shading/PowerToRoughness.uasset" 805
"../../../Engine/Content/Functions/Engine_MaterialFunctions01/Shading/PowerToRoughness.uexp" 806
"../../../Engine/Content/Functions/Engine_MaterialFunctions01/Shading/ConvertFromDiffSpec.uasset" 807
"../../../Engine/Content/Functions/Engine_MaterialFunctions01/Shading/ConvertFromDiffSpec.uexp" 808
"../../../Engine/Content/EngineMaterials/Substrate/GLints/AGlintTex2dArray.uasset" 809
"../../../Engine/Content/EngineMaterials/Substrate/GLints/AGlintTex2dArray.uexp" 810
"../../../Engine/Plugins/Interchange/Assets/Content/Utilities/New_LUT.uasset" 811
"../../../Engine/Plugins/Interchange/Assets/Content/Utilities/New_LUT.uexp" 812
"../../../Engine/Content/Functions/Engine_MaterialFunctions03/Math/RemapValueRange.uasset" 813
"../../../Engine/Content/Functions/Engine_MaterialFunctions03/Math/RemapValueRange.uexp" 814
"../../../Engine/Plugins/Interchange/Assets/Content/Functions/MF_Iridescence.uasset" 815
"../../../Engine/Plugins/Interchange/Assets/Content/Functions/MF_Iridescence.uexp" 816
"../../../Engine/Plugins/Interchange/Assets/Content/gltf/Textures/T_White_srgb.uasset" 817
"../../../Engine/Plugins/Interchange/Assets/Content/gltf/Textures/T_White_srgb.uexp" 818
"../../../Engine/Plugins/Interchange/Assets/Content/gltf/MaterialFunctions/MF_BaseColor.uasset" 819
"../../../Engine/Plugins/Interchange/Assets/Content/gltf/MaterialFunctions/MF_BaseColor.uexp" 820
"../../../Engine/Plugins/Interchange/Assets/Content/gltf/MaterialFunctions/MF_RotateV2.uasset" 821
"../../../Engine/Plugins/Interchange/Assets/Content/gltf/MaterialFunctions/MF_RotateV2.uexp" 822
"../../../Engine/Plugins/Interchange/Assets/Content/gltf/MaterialFunctions/MF_TransformUVs.uasset" 823
"../../../Engine/Plugins/Interchange/Assets/Content/gltf/MaterialFunctions/MF_TransformUVs.uexp" 824
"../../../Engine/Plugins/Interchange/Assets/Content/gltf/MaterialFunctions/MF_IOR.uasset" 825
"../../../Engine/Plugins/Interchange/Assets/Content/gltf/MaterialFunctions/MF_IOR.uexp" 826
"../../../Engine/Plugins/Interchange/Assets/Content/gltf/MaterialFunctions/MF_Iridescence.uasset" 827
"../../../Engine/Plugins/Interchange/Assets/Content/gltf/MaterialFunctions/MF_Iridescence.uexp" 828
"../../../Engine/Plugins/Interchange/Assets/Content/gltf/Textures/T_White_Linear.uasset" 829
"../../../Engine/Plugins/Interchange/Assets/Content/gltf/Textures/T_White_Linear.uexp" 830
"../../../Engine/Plugins/Interchange/Assets/Content/gltf/MaterialFunctions/MF_MetallicRoughness.uasset" 831
"../../../Engine/Plugins/Interchange/Assets/Content/gltf/MaterialFunctions/MF_MetallicRoughness.uexp" 832
"../../../Engine/Content/Functions/Engine_MaterialFunctions02/Math/Transform3x3Matrix.uasset" 833
"../../../Engine/Content/Functions/Engine_MaterialFunctions02/Math/Transform3x3Matrix.uexp" 834
"../../../Engine/Plugins/Interchange/Assets/Content/gltf/MaterialFunctions/MF_RotateNormals_TS.uasset" 835
"../../../Engine/Plugins/Interchange/Assets/Content/gltf/MaterialFunctions/MF_RotateNormals_TS.uexp" 836
"../../../Engine/Plugins/Interchange/Assets/Content/gltf/MaterialFunctions/MF_ScaleNormal.uasset" 837
"../../../Engine/Plugins/Interchange/Assets/Content/gltf/MaterialFunctions/MF_ScaleNormal.uexp" 838
"../../../Engine/Plugins/Interchange/Assets/Content/gltf/Textures/T_Generic_N.uasset" 839
"../../../Engine/Plugins/Interchange/Assets/Content/gltf/Textures/T_Generic_N.uexp" 840
"../../../Engine/Plugins/Interchange/Assets/Content/gltf/MaterialFunctions/MF_Normals.uasset" 841
"../../../Engine/Plugins/Interchange/Assets/Content/gltf/MaterialFunctions/MF_Normals.uexp" 842
"../../../Engine/Plugins/Interchange/Assets/Content/gltf/MaterialFunctions/MF_Occlusion.uasset" 843
"../../../Engine/Plugins/Interchange/Assets/Content/gltf/MaterialFunctions/MF_Occlusion.uexp" 844
"../../../Engine/Plugins/Interchange/Assets/Content/gltf/MaterialFunctions/MF_Specular.uasset" 845
"../../../Engine/Plugins/Interchange/Assets/Content/gltf/MaterialFunctions/MF_Specular.uexp" 846
"../../../Engine/Plugins/Interchange/Assets/Content/gltf/Textures/T_Anisotropy_Direction_Linear.uasset" 847
"../../../Engine/Plugins/Interchange/Assets/Content/gltf/Textures/T_Anisotropy_Direction_Linear.uexp" 848
"../../../Engine/Plugins/Interchange/Assets/Content/gltf/MaterialFunctions/MF_SpecularAnisotropy.uasset" 849
"../../../Engine/Plugins/Interchange/Assets/Content/gltf/MaterialFunctions/MF_SpecularAnisotropy.uexp" 850
"../../../Engine/Plugins/Interchange/Assets/Content/gltf/MaterialFunctions/MF_Emissive.uasset" 851
"../../../Engine/Plugins/Interchange/Assets/Content/gltf/MaterialFunctions/MF_Emissive.uexp" 852
"../../../Engine/Content/Functions/Engine_MaterialFunctions01/Texturing/FlattenNormal.uasset" 853
"../../../Engine/Content/Functions/Engine_MaterialFunctions01/Texturing/FlattenNormal.uexp" 854
"../../../Engine/Plugins/Interchange/Assets/Content/gltf/MaterialFunctions/MF_Clearcoat.uasset" 855
"../../../Engine/Plugins/Interchange/Assets/Content/gltf/MaterialFunctions/MF_Clearcoat.uexp" 856
"../../../Engine/Plugins/Interchange/Assets/Content/gltf/MaterialBodies/MF_ClearCoat_Body.uasset" 857
"../../../Engine/Plugins/Interchange/Assets/Content/gltf/MaterialBodies/MF_ClearCoat_Body.uexp" 858
"../../../Engine/Plugins/Interchange/Assets/Content/gltf/M_ClearCoat.uasset" 859
"../../../Engine/Plugins/Interchange/Assets/Content/gltf/M_ClearCoat.uexp" 860
"../../../Engine/Plugins/Interchange/Assets/Content/gltf/MaterialInstances/MI_ClearCoat_Blend.uasset" 861
"../../../Engine/Plugins/Interchange/Assets/Content/gltf/MaterialInstances/MI_ClearCoat_Blend.uexp" 862
"../../../Engine/Plugins/Interchange/Assets/Content/gltf/MaterialInstances/MI_ClearCoat_Blend_DS.uasset" 863
"../../../Engine/Plugins/Interchange/Assets/Content/gltf/MaterialInstances/MI_ClearCoat_Blend_DS.uexp" 864
"../../../Engine/Plugins/Interchange/Assets/Content/gltf/MaterialInstances/MI_ClearCoat_Mask.uasset" 865
"../../../Engine/Plugins/Interchange/Assets/Content/gltf/MaterialInstances/MI_ClearCoat_Mask.uexp" 866
"../../../Engine/Plugins/Interchange/Assets/Content/gltf/MaterialInstances/MI_ClearCoat_Mask_DS.uasset" 867
"../../../Engine/Plugins/Interchange/Assets/Content/gltf/MaterialInstances/MI_ClearCoat_Mask_DS.uexp" 868
"../../../Engine/Plugins/Interchange/Assets/Content/gltf/MaterialInstances/MI_ClearCoat_Opaque.uasset" 869
"../../../Engine/Plugins/Interchange/Assets/Content/gltf/MaterialInstances/MI_ClearCoat_Opaque.uexp" 870
"../../../Engine/Plugins/Interchange/Assets/Content/gltf/MaterialInstances/MI_ClearCoat_Opaque_DS.uasset" 871
"../../../Engine/Plugins/Interchange/Assets/Content/gltf/MaterialInstances/MI_ClearCoat_Opaque_DS.uexp" 872
"../../../Engine/Plugins/Interchange/Assets/Content/gltf/MaterialBodies/MF_Default_Body.uasset" 873
"../../../Engine/Plugins/Interchange/Assets/Content/gltf/MaterialBodies/MF_Default_Body.uexp" 874
"../../../Engine/Plugins/Interchange/Assets/Content/gltf/M_Default.uasset" 875
"../../../Engine/Plugins/Interchange/Assets/Content/gltf/M_Default.uexp" 876
"../../../Engine/Plugins/Interchange/Assets/Content/gltf/MaterialInstances/MI_Default_Blend.uasset" 877
"../../../Engine/Plugins/Interchange/Assets/Content/gltf/MaterialInstances/MI_Default_Blend.uexp" 878
"../../../Engine/Plugins/Interchange/Assets/Content/gltf/MaterialInstances/MI_Default_Blend_DS.uasset" 879
"../../../Engine/Plugins/Interchange/Assets/Content/gltf/MaterialInstances/MI_Default_Blend_DS.uexp" 880
"../../../Engine/Plugins/Interchange/Assets/Content/gltf/MaterialInstances/MI_Default_Mask.uasset" 881
"../../../Engine/Plugins/Interchange/Assets/Content/gltf/MaterialInstances/MI_Default_Mask.uexp" 882
"../../../Engine/Plugins/Interchange/Assets/Content/gltf/MaterialInstances/MI_Default_Mask_DS.uasset" 883
"../../../Engine/Plugins/Interchange/Assets/Content/gltf/MaterialInstances/MI_Default_Mask_DS.uexp" 884
"../../../Engine/Plugins/Interchange/Assets/Content/gltf/MaterialInstances/MI_Default_Opaque.uasset" 885
"../../../Engine/Plugins/Interchange/Assets/Content/gltf/MaterialInstances/MI_Default_Opaque.uexp" 886
"../../../Engine/Plugins/Interchange/Assets/Content/gltf/MaterialInstances/MI_Default_Opaque_DS.uasset" 887
"../../../Engine/Plugins/Interchange/Assets/Content/gltf/MaterialInstances/MI_Default_Opaque_DS.uexp" 888
"../../../Engine/Plugins/Interchange/Assets/Content/gltf/MaterialFunctions/MF_Sheen.uasset" 889
"../../../Engine/Plugins/Interchange/Assets/Content/gltf/MaterialFunctions/MF_Sheen.uexp" 890
"../../../Engine/Plugins/Interchange/Assets/Content/gltf/MaterialBodies/MF_Sheen_Body.uasset" 891
"../../../Engine/Plugins/Interchange/Assets/Content/gltf/MaterialBodies/MF_Sheen_Body.uexp" 892
"../../../Engine/Plugins/Interchange/Assets/Content/gltf/M_Sheen.uasset" 893
"../../../Engine/Plugins/Interchange/Assets/Content/gltf/M_Sheen.uexp" 894
"../../../Engine/Plugins/Interchange/Assets/Content/gltf/MaterialInstances/MI_Sheen_Blend.uasset" 895
"../../../Engine/Plugins/Interchange/Assets/Content/gltf/MaterialInstances/MI_Sheen_Blend.uexp" 896
"../../../Engine/Plugins/Interchange/Assets/Content/gltf/MaterialInstances/MI_Sheen_Blend_DS.uasset" 897
"../../../Engine/Plugins/Interchange/Assets/Content/gltf/MaterialInstances/MI_Sheen_Blend_DS.uexp" 898
"../../../Engine/Plugins/Interchange/Assets/Content/gltf/MaterialInstances/MI_Sheen_Mask.uasset" 899
"../../../Engine/Plugins/Interchange/Assets/Content/gltf/MaterialInstances/MI_Sheen_Mask.uexp" 900
"../../../Engine/Plugins/Interchange/Assets/Content/gltf/MaterialInstances/MI_Sheen_Mask_DS.uasset" 901
"../../../Engine/Plugins/Interchange/Assets/Content/gltf/MaterialInstances/MI_Sheen_Mask_DS.uexp" 902
"../../../Engine/Plugins/Interchange/Assets/Content/gltf/MaterialInstances/MI_Sheen_Opaque.uasset" 903
"../../../Engine/Plugins/Interchange/Assets/Content/gltf/MaterialInstances/MI_Sheen_Opaque.uexp" 904
"../../../Engine/Plugins/Interchange/Assets/Content/gltf/MaterialInstances/MI_Sheen_Opaque_DS.uasset" 905
"../../../Engine/Plugins/Interchange/Assets/Content/gltf/MaterialInstances/MI_Sheen_Opaque_DS.uexp" 906
"../../../Engine/Content/Functions/Engine_MaterialFunctions02/Math/AddComponents.uasset" 907
"../../../Engine/Content/Functions/Engine_MaterialFunctions02/Math/AddComponents.uexp" 908
"../../../Engine/Plugins/Interchange/Assets/Content/gltf/MaterialFunctions/MF_DiffuseSpecGloss.uasset" 909
"../../../Engine/Plugins/Interchange/Assets/Content/gltf/MaterialFunctions/MF_DiffuseSpecGloss.uexp" 910
"../../../Engine/Plugins/Interchange/Assets/Content/gltf/MaterialFunctions/MF_MaxComponentValue.uasset" 911
"../../../Engine/Plugins/Interchange/Assets/Content/gltf/MaterialFunctions/MF_MaxComponentValue.uexp" 912
"../../../Engine/Plugins/Interchange/Assets/Content/gltf/MaterialFunctions/MF_PerceivedBrightness.uasset" 913
"../../../Engine/Plugins/Interchange/Assets/Content/gltf/MaterialFunctions/MF_PerceivedBrightness.uexp" 914
"../../../Engine/Plugins/Interchange/Assets/Content/gltf/MaterialFunctions/MF_SpecGlossToMetalRoughness.uasset" 915
"../../../Engine/Plugins/Interchange/Assets/Content/gltf/MaterialFunctions/MF_SpecGlossToMetalRoughness.uexp" 916
"../../../Engine/Plugins/Interchange/Assets/Content/gltf/MaterialBodies/MF_SpecularGlossiness_Body.uasset" 917
"../../../Engine/Plugins/Interchange/Assets/Content/gltf/MaterialBodies/MF_SpecularGlossiness_Body.uexp" 918
"../../../Engine/Plugins/Interchange/Assets/Content/gltf/M_SpecularGlossiness.uasset" 919
"../../../Engine/Plugins/Interchange/Assets/Content/gltf/M_SpecularGlossiness.uexp" 920
"../../../Engine/Plugins/Interchange/Assets/Content/gltf/MaterialInstances/MI_SpecularGlossiness_Blend.uasset" 921
"../../../Engine/Plugins/Interchange/Assets/Content/gltf/MaterialInstances/MI_SpecularGlossiness_Blend.uexp" 922
"../../../Engine/Plugins/Interchange/Assets/Content/gltf/MaterialInstances/MI_SpecularGlossiness_Blend_DS.uasset" 923
"../../../Engine/Plugins/Interchange/Assets/Content/gltf/MaterialInstances/MI_SpecularGlossiness_Blend_DS.uexp" 924
"../../../Engine/Plugins/Interchange/Assets/Content/gltf/MaterialInstances/MI_SpecularGlossiness_Mask.uasset" 925
"../../../Engine/Plugins/Interchange/Assets/Content/gltf/MaterialInstances/MI_SpecularGlossiness_Mask.uexp" 926
"../../../Engine/Plugins/Interchange/Assets/Content/gltf/MaterialInstances/MI_SpecularGlossiness_Mask_DS.uasset" 927
"../../../Engine/Plugins/Interchange/Assets/Content/gltf/MaterialInstances/MI_SpecularGlossiness_Mask_DS.uexp" 928
"../../../Engine/Plugins/Interchange/Assets/Content/gltf/MaterialInstances/MI_SpecularGlossiness_Opaque.uasset" 929
"../../../Engine/Plugins/Interchange/Assets/Content/gltf/MaterialInstances/MI_SpecularGlossiness_Opaque.uexp" 930
"../../../Engine/Plugins/Interchange/Assets/Content/gltf/MaterialInstances/MI_SpecularGlossiness_Opaque_DS.uasset" 931
"../../../Engine/Plugins/Interchange/Assets/Content/gltf/MaterialInstances/MI_SpecularGlossiness_Opaque_DS.uexp" 932
"../../../Engine/Content/EngineMaterials/Good64x64TilingNoiseHighFreq.uasset" 933
"../../../Engine/Content/EngineMaterials/Good64x64TilingNoiseHighFreq.uexp" 934
"../../../Engine/Content/Functions/Engine_MaterialFunctions02/Texturing/ScreenAlignedPixelToPixelUVs.uasset" 935
"../../../Engine/Content/Functions/Engine_MaterialFunctions02/Texturing/ScreenAlignedPixelToPixelUVs.uexp" 936
"../../../Engine/Plugins/Interchange/Assets/Content/gltf/MaterialFunctions/MF_Fresnel_DS.uasset" 937
"../../../Engine/Plugins/Interchange/Assets/Content/gltf/MaterialFunctions/MF_Fresnel_DS.uexp" 938
"../../../Engine/Plugins/Interchange/Assets/Content/gltf/MaterialFunctions/MF_Temporal_Blur.uasset" 939
"../../../Engine/Plugins/Interchange/Assets/Content/gltf/MaterialFunctions/MF_Temporal_Blur.uexp" 940
"../../../Engine/Plugins/Interchange/Assets/Content/gltf/MaterialFunctions/MF_Transmission.uasset" 941
"../../../Engine/Plugins/Interchange/Assets/Content/gltf/MaterialFunctions/MF_Transmission.uexp" 942
"../../../Engine/Plugins/Interchange/Assets/Content/gltf/MaterialBodies/MF_Transmission_Body.uasset" 943
"../../../Engine/Plugins/Interchange/Assets/Content/gltf/MaterialBodies/MF_Transmission_Body.uexp" 944
"../../../Engine/Plugins/Interchange/Assets/Content/gltf/M_Transmission.uasset" 945
"../../../Engine/Plugins/Interchange/Assets/Content/gltf/M_Transmission.uexp" 946
"../../../Engine/Plugins/Interchange/Assets/Content/gltf/MaterialInstances/MI_Transmission.uasset" 947
"../../../Engine/Plugins/Interchange/Assets/Content/gltf/MaterialInstances/MI_Transmission.uexp" 948
"../../../Engine/Plugins/Interchange/Assets/Content/gltf/MaterialInstances/MI_Transmission_DS.uasset" 949
"../../../Engine/Plugins/Interchange/Assets/Content/gltf/MaterialInstances/MI_Transmission_DS.uexp" 950
"../../../Engine/Plugins/Interchange/Assets/Content/gltf/MaterialBodies/MF_Unlit_Body.uasset" 951
"../../../Engine/Plugins/Interchange/Assets/Content/gltf/MaterialBodies/MF_Unlit_Body.uexp" 952
"../../../Engine/Plugins/Interchange/Assets/Content/gltf/M_Unlit.uasset" 953
"../../../Engine/Plugins/Interchange/Assets/Content/gltf/M_Unlit.uexp" 954
"../../../Engine/Plugins/Interchange/Assets/Content/gltf/MaterialInstances/MI_Unlit_Blend.uasset" 955
"../../../Engine/Plugins/Interchange/Assets/Content/gltf/MaterialInstances/MI_Unlit_Blend.uexp" 956
"../../../Engine/Plugins/Interchange/Assets/Content/gltf/MaterialInstances/MI_Unlit_Blend_DS.uasset" 957
"../../../Engine/Plugins/Interchange/Assets/Content/gltf/MaterialInstances/MI_Unlit_Blend_DS.uexp" 958
"../../../Engine/Plugins/Interchange/Assets/Content/gltf/MaterialInstances/MI_Unlit_Mask.uasset" 959
"../../../Engine/Plugins/Interchange/Assets/Content/gltf/MaterialInstances/MI_Unlit_Mask.uexp" 960
"../../../Engine/Plugins/Interchange/Assets/Content/gltf/MaterialInstances/MI_Unlit_Mask_DS.uasset" 961
"../../../Engine/Plugins/Interchange/Assets/Content/gltf/MaterialInstances/MI_Unlit_Mask_DS.uexp" 962
"../../../Engine/Plugins/Interchange/Assets/Content/gltf/MaterialInstances/MI_Unlit_Opaque.uasset" 963
"../../../Engine/Plugins/Interchange/Assets/Content/gltf/MaterialInstances/MI_Unlit_Opaque.uexp" 964
"../../../Engine/Plugins/Interchange/Assets/Content/gltf/MaterialInstances/MI_Unlit_Opaque_DS.uasset" 965
"../../../Engine/Plugins/Interchange/Assets/Content/gltf/MaterialInstances/MI_Unlit_Opaque_DS.uexp" 966
"../../../Engine/Plugins/Marketplace/UnrealMetaXRPlugin.83.0/MetaXR/Content/Textures/T_BlobShadow.ubulk" 967
"../../../Engine/Plugins/Marketplace/UnrealMetaXRPlugin.83.0/MetaXR/Content/Textures/T_BlobShadow.uasset" 968
"../../../Engine/Plugins/Marketplace/UnrealMetaXRPlugin.83.0/MetaXR/Content/Textures/T_BlobShadow.uexp" 969
"../../../Engine/Content/Functions/Engine_MaterialFunctions02/WorldPositionOffset/V2/ObjectScale.uasset" 970
"../../../Engine/Content/Functions/Engine_MaterialFunctions02/WorldPositionOffset/V2/ObjectScale.uexp" 971
"../../../Engine/Plugins/Marketplace/UnrealMetaXRPlugin.83.0/MetaXR/Content/Materials/M_BlobShadow.uasset" 972
"../../../Engine/Plugins/Marketplace/UnrealMetaXRPlugin.83.0/MetaXR/Content/Materials/M_BlobShadow.uexp" 973
"../../../Engine/Plugins/Marketplace/UnrealMetaXRPlugin.83.0/MetaXR/Content/Materials/MI_BlobShadow.uasset" 974
"../../../Engine/Plugins/Marketplace/UnrealMetaXRPlugin.83.0/MetaXR/Content/Materials/MI_BlobShadow.uexp" 975
"../../../Engine/Plugins/Marketplace/UnrealMetaXRPlugin.83.0/MetaXR/Content/Textures/CRT_DistanceMap.uasset" 976
"../../../Engine/Plugins/Marketplace/UnrealMetaXRPlugin.83.0/MetaXR/Content/Textures/CRT_DistanceMap.uexp" 977
"../../../Engine/Content/EngineResources/WhiteSquareTexture.uasset" 978
"../../../Engine/Content/EngineResources/WhiteSquareTexture.uexp" 979
"../../../Engine/Content/EngineMaterials/Widget3DPassThrough.uasset" 980
"../../../Engine/Content/EngineMaterials/Widget3DPassThrough.uexp" 981
"../../../Engine/Content/EngineMaterials/Widget3DPassThrough_Masked.uasset" 982
"../../../Engine/Content/EngineMaterials/Widget3DPassThrough_Masked.uexp" 983
"../../../Engine/Content/EngineMaterials/Widget3DPassThrough_Opaque.uasset" 984
"../../../Engine/Content/EngineMaterials/Widget3DPassThrough_Opaque.uexp" 985
"../../../Engine/Content/EngineMaterials/Widget3DPassThrough_Masked_OneSided.uasset" 986
"../../../Engine/Content/EngineMaterials/Widget3DPassThrough_Masked_OneSided.uexp" 987
"../../../Engine/Content/EngineMaterials/Widget3DPassThrough_Opaque_OneSided.uasset" 988
"../../../Engine/Content/EngineMaterials/Widget3DPassThrough_Opaque_OneSided.uexp" 989
"../../../Engine/Content/EngineMaterials/Widget3DPassThrough_Translucent.uasset" 990
"../../../Engine/Content/EngineMaterials/Widget3DPassThrough_Translucent.uexp" 991
"../../../Engine/Content/EngineMaterials/Widget3DPassThrough_Translucent_OneSided.uasset" 992
"../../../Engine/Content/EngineMaterials/Widget3DPassThrough_Translucent_OneSided.uexp" 993
"../../../Engine/Content/EditorLandscapeResources/ColorMaskBrushMaterial.uasset" 994
"../../../Engine/Content/EditorLandscapeResources/ColorMaskBrushMaterial.uexp" 995
"../../../Engine/Content/EditorLandscapeResources/ColorMaskBrushMaterial_MaskedRegion.uasset" 996
"../../../Engine/Content/EditorLandscapeResources/ColorMaskBrushMaterial_MaskedRegion.uexp" 997
"../../../Engine/Content/Functions/Engine_MaterialFunctions03/Math/WithinRangeFloat2.uasset" 998
"../../../Engine/Content/Functions/Engine_MaterialFunctions03/Math/WithinRangeFloat2.uexp" 999
"../../../Engine/Content/EditorLandscapeResources/MaskBrushMaterial.uasset" 1000
"../../../Engine/Content/EditorLandscapeResources/MaskBrushMaterial.uexp" 1001
"../../../Engine/Content/EditorLandscapeResources/MaskBrushMaterial_MaskedRegion.uasset" 1002
"../../../Engine/Content/EditorLandscapeResources/MaskBrushMaterial_MaskedRegion.uexp" 1003
"../../../Engine/Content/EditorLandscapeResources/SelectBrushMaterial.uasset" 1004
"../../../Engine/Content/EditorLandscapeResources/SelectBrushMaterial.uexp" 1005
"../../../Engine/Content/EditorLandscapeResources/SelectBrushMaterial_Selected.uasset" 1006
"../../../Engine/Content/EditorLandscapeResources/SelectBrushMaterial_Selected.uexp" 1007
"../../../Engine/Content/EditorLandscapeResources/SelectBrushMaterial_SelectedRegion.uasset" 1008
"../../../Engine/Content/EditorLandscapeResources/SelectBrushMaterial_SelectedRegion.uexp" 1009
"../../../Engine/Plugins/2D/Paper2D/Content/DefaultSpriteMaterial.uasset" 1010
"../../../Engine/Plugins/2D/Paper2D/Content/DefaultSpriteMaterial.uexp" 1011
"../../../Engine/Plugins/2D/Paper2D/Content/MaskedUnlitSpriteMaterial.uasset" 1012
"../../../Engine/Plugins/2D/Paper2D/Content/MaskedUnlitSpriteMaterial.uexp" 1013
"../../../Engine/Plugins/2D/Paper2D/Content/OpaqueUnlitSpriteMaterial.uasset" 1014
"../../../Engine/Plugins/2D/Paper2D/Content/OpaqueUnlitSpriteMaterial.uexp" 1015
"C:/Users/rexge/Documents/Unreal Projects/JR_PRJ3/Content/VRTemplate/Input/Actions/IA_Shoot_Left.uasset" 1016
"C:/Users/rexge/Documents/Unreal Projects/JR_PRJ3/Content/VRTemplate/Input/Actions/IA_Shoot_Left.uexp" 1017
"C:/Users/rexge/Documents/Unreal Projects/JR_PRJ3/Content/VRTemplate/Input/IMC_Weapon_Left.uasset" 1018
"C:/Users/rexge/Documents/Unreal Projects/JR_PRJ3/Content/VRTemplate/Input/IMC_Weapon_Left.uexp" 1019
"C:/Users/rexge/Documents/Unreal Projects/JR_PRJ3/Content/VRTemplate/Input/Actions/IA_Shoot_Right.uasset" 1020
"C:/Users/rexge/Documents/Unreal Projects/JR_PRJ3/Content/VRTemplate/Input/Actions/IA_Shoot_Right.uexp" 1021
"C:/Users/rexge/Documents/Unreal Projects/JR_PRJ3/Content/VRTemplate/Input/IMC_Weapon_Right.uasset" 1022
"C:/Users/rexge/Documents/Unreal Projects/JR_PRJ3/Content/VRTemplate/Input/IMC_Weapon_Right.uexp" 1023
"../../../Engine/Content/EngineResources/LandscapeVisibilityLayerInfo.uasset" 1024
"../../../Engine/Content/EngineResources/LandscapeVisibilityLayerInfo.uexp" 1025
"../../../Engine/Content/VREditor/TransformGizmo/TranslucentTransformGizmoMaterial_Inst.uasset" 1026
"../../../Engine/Content/VREditor/TransformGizmo/TranslucentTransformGizmoMaterial_Inst.uexp" 1027
"../../../Engine/Content/VREditor/TransformGizmo/TransformGizmoMaterial_Inst.uasset" 1028
"../../../Engine/Content/VREditor/TransformGizmo/TransformGizmoMaterial_Inst.uexp" 1029
"../../../Engine/Content/VREditor/Sounds/UI/Drop_Item_From_ContentBrowser.ubulk" 1030
"../../../Engine/Content/VREditor/Sounds/UI/Drop_Item_From_ContentBrowser.uasset" 1031
"../../../Engine/Content/VREditor/Sounds/UI/Drop_Item_From_ContentBrowser.uexp" 1032
"../../../Engine/Content/VREditor/TransformGizmo/UniformScaleHandle.ubulk" 1033
"../../../Engine/Content/VREditor/TransformGizmo/UniformScaleHandle.uasset" 1034
"../../../Engine/Content/VREditor/TransformGizmo/UniformScaleHandle.uexp" 1035
"../../../Engine/Content/VREditor/TransformGizmo/TranslateArrowHandle.ubulk" 1036
"../../../Engine/Content/VREditor/TransformGizmo/TranslateArrowHandle.uasset" 1037
"../../../Engine/Content/VREditor/TransformGizmo/TranslateArrowHandle.uexp" 1038
"../../../Engine/Content/VREditor/TransformGizmo/TransformGizmoFreeRotation.ubulk" 1039
"../../../Engine/Content/VREditor/TransformGizmo/TransformGizmoFreeRotation.uasset" 1040
"../../../Engine/Content/VREditor/TransformGizmo/TransformGizmoFreeRotation.uexp" 1041
"../../../Engine/Content/VREditor/TransformGizmo/StartRotationHandleIndicator.ubulk" 1042
"../../../Engine/Content/VREditor/TransformGizmo/StartRotationHandleIndicator.uasset" 1043
"../../../Engine/Content/VREditor/TransformGizmo/StartRotationHandleIndicator.uexp" 1044
"../../../Engine/Content/VREditor/TransformGizmo/RotationHandleQuarter.ubulk" 1045
"../../../Engine/Content/VREditor/TransformGizmo/RotationHandleQuarter.uasset" 1046
"../../../Engine/Content/VREditor/TransformGizmo/RotationHandleQuarter.uexp" 1047
"../../../Engine/Content/VREditor/TransformGizmo/RotationHandleIndicator.ubulk" 1048
"../../../Engine/Content/VREditor/TransformGizmo/RotationHandleIndicator.uasset" 1049
"../../../Engine/Content/VREditor/TransformGizmo/RotationHandleIndicator.uexp" 1050
"../../../Engine/Content/VREditor/TransformGizmo/RotationHandleFull.ubulk" 1051
"../../../Engine/Content/VREditor/TransformGizmo/RotationHandleFull.uasset" 1052
"../../../Engine/Content/VREditor/TransformGizmo/RotationHandleFull.uexp" 1053
"../../../Engine/Content/VREditor/TransformGizmo/PlaneTranslationHandle.ubulk" 1054
"../../../Engine/Content/VREditor/TransformGizmo/PlaneTranslationHandle.uasset" 1055
"../../../Engine/Content/VREditor/TransformGizmo/PlaneTranslationHandle.uexp" 1056
"../../../Engine/Content/Functions/Engine_MaterialFunctions02/SplitComponents.uasset" 1057
"../../../Engine/Content/Functions/Engine_MaterialFunctions02/SplitComponents.uexp" 1058
"../../../Engine/Content/VREditor/SnapGrid/SnapGridMaterial.uasset" 1059
"../../../Engine/Content/VREditor/SnapGrid/SnapGridMaterial.uexp" 1060
"../../../Engine/Content/VREditor/SnapGrid/SnapGridPlaneMesh.ubulk" 1061
"../../../Engine/Content/VREditor/SnapGrid/SnapGridPlaneMesh.uasset" 1062
"../../../Engine/Content/VREditor/SnapGrid/SnapGridPlaneMesh.uexp" 1063
"../../../Engine/Content/VREditor/Sounds/UI/Gizmo_Handle_Clicked.ubulk" 1064
"../../../Engine/Content/VREditor/Sounds/UI/Gizmo_Handle_Clicked.uasset" 1065
"../../../Engine/Content/VREditor/Sounds/UI/Gizmo_Handle_Clicked.uexp" 1066
"../../../Engine/Content/VREditor/Sounds/UI/Object_PickUp.ubulk" 1067
"../../../Engine/Content/VREditor/Sounds/UI/Object_PickUp.uasset" 1068
"../../../Engine/Content/VREditor/Sounds/UI/Object_PickUp.uexp" 1069
"../../../Engine/Content/VREditor/Sounds/UI/Object_Snaps_To_Another_Actor.ubulk" 1070
"../../../Engine/Content/VREditor/Sounds/UI/Object_Snaps_To_Another_Actor.uasset" 1071
"../../../Engine/Content/VREditor/Sounds/UI/Object_Snaps_To_Another_Actor.uexp" 1072
"../../../Engine/Content/VREditor/Sounds/UI/Object_Snaps_To_Grid.ubulk" 1073
"../../../Engine/Content/VREditor/Sounds/UI/Object_Snaps_To_Grid.uasset" 1074
"../../../Engine/Content/VREditor/Sounds/UI/Object_Snaps_To_Grid.uexp" 1075
"../../../Engine/Content/VREditor/Sounds/UI/Scaling_Down.ubulk" 1076
"../../../Engine/Content/VREditor/Sounds/UI/Scaling_Down.uasset" 1077
"../../../Engine/Content/VREditor/Sounds/UI/Scaling_Down.uexp" 1078
"../../../Engine/Content/VREditor/Sounds/UI/Scaling_Up.ubulk" 1079
"../../../Engine/Content/VREditor/Sounds/UI/Scaling_Up.uasset" 1080
"../../../Engine/Content/VREditor/Sounds/UI/Scaling_Up.uexp" 1081
"../../../Engine/Content/VREditor/Sounds/UI/Selection_Changes.ubulk" 1082
"../../../Engine/Content/VREditor/Sounds/UI/Selection_Changes.uasset" 1083
"../../../Engine/Content/VREditor/Sounds/UI/Selection_Changes.uexp" 1084
"../../../Engine/Plugins/Animation/DeformerGraph/Content/DeformerFunctions/DG_Function_LinearBlendSkin_Morph_Cloth.uasset" 1085
"../../../Engine/Plugins/Animation/DeformerGraph/Content/DeformerFunctions/DG_Function_LinearBlendSkin_Morph_Cloth.uexp" 1086
"../../../Engine/Plugins/Animation/DeformerGraph/Content/Deformers/DG_LinearBlendSkin_Morph_Cloth.uasset" 1087
"../../../Engine/Plugins/Animation/DeformerGraph/Content/Deformers/DG_LinearBlendSkin_Morph_Cloth.uexp" 1088
"../../../Engine/Plugins/Animation/DeformerGraph/Content/DeformerFunctions/DG_Function_LinearBlendSkin_Morph_Cloth_PositionOnly.uasset" 1089
"../../../Engine/Plugins/Animation/DeformerGraph/Content/DeformerFunctions/DG_Function_LinearBlendSkin_Morph_Cloth_PositionOnly.uexp" 1090
"../../../Engine/Plugins/Animation/DeformerGraph/Content/DeformerFunctions/DG_Function_ComputeNormalsTangents.uasset" 1091
"../../../Engine/Plugins/Animation/DeformerGraph/Content/DeformerFunctions/DG_Function_ComputeNormalsTangents.uexp" 1092
"../../../Engine/Plugins/Animation/DeformerGraph/Content/Deformers/DG_LinearBlendSkin_Morph_Cloth_RecomputeNormals.uasset" 1093
"../../../Engine/Plugins/Animation/DeformerGraph/Content/Deformers/DG_LinearBlendSkin_Morph_Cloth_RecomputeNormals.uexp" 1094
"../../../Engine/Content/Maps/Entry_BuiltData.uasset" 1095
"../../../Engine/Content/Maps/Entry_BuiltData.uexp" 1096
"../../../Engine/Content/Maps/Entry.uexp" 1097
"../../../Engine/Content/Maps/Entry.umap" 1098
"C:/Users/rexge/Documents/Unreal Projects/JR_PRJ3/Content/WallsAudio.uasset" 1099
"C:/Users/rexge/Documents/Unreal Projects/JR_PRJ3/Content/WallsAudio.uexp" 1100
"C:/Users/rexge/Documents/Unreal Projects/JR_PRJ3/Content/StoneAudio.uasset" 1101
"C:/Users/rexge/Documents/Unreal Projects/JR_PRJ3/Content/StoneAudio.uexp" 1102
"C:/Users/rexge/Documents/Unreal Projects/JR_PRJ3/Content/stone-blocks-great-pyramid-egypt.uasset" 1103
"C:/Users/rexge/Documents/Unreal Projects/JR_PRJ3/Content/stone-blocks-great-pyramid-egypt.uexp" 1104
"C:/Users/rexge/Documents/Unreal Projects/JR_PRJ3/Content/stone-blocks-great-pyramid-egypt_Mat.uasset" 1105
"C:/Users/rexge/Documents/Unreal Projects/JR_PRJ3/Content/stone-blocks-great-pyramid-egypt_Mat.uexp" 1106
"C:/Users/rexge/Documents/Unreal Projects/JR_PRJ3/Content/Ground/sandy_gravel_02_rough_4k.ubulk" 1107
"C:/Users/rexge/Documents/Unreal Projects/JR_PRJ3/Content/Ground/sandy_gravel_02_rough_4k.uasset" 1108
"C:/Users/rexge/Documents/Unreal Projects/JR_PRJ3/Content/Ground/sandy_gravel_02_rough_4k.uexp" 1109
"C:/Users/rexge/Documents/Unreal Projects/JR_PRJ3/Content/Ground/sandy_gravel_02_nor_gl_4k.ubulk" 1110
"C:/Users/rexge/Documents/Unreal Projects/JR_PRJ3/Content/Ground/sandy_gravel_02_nor_gl_4k.uasset" 1111
"C:/Users/rexge/Documents/Unreal Projects/JR_PRJ3/Content/Ground/sandy_gravel_02_nor_gl_4k.uexp" 1112
"C:/Users/rexge/Documents/Unreal Projects/JR_PRJ3/Content/Ground/sandy_gravel_02_diff_4k.ubulk" 1113
"C:/Users/rexge/Documents/Unreal Projects/JR_PRJ3/Content/Ground/sandy_gravel_02_diff_4k.uasset" 1114
"C:/Users/rexge/Documents/Unreal Projects/JR_PRJ3/Content/Ground/sandy_gravel_02_diff_4k.uexp" 1115
"../../../Engine/Plugins/Interchange/Assets/Content/Functions/MF_PhongToMetalRoughness.uasset" 1116
"../../../Engine/Plugins/Interchange/Assets/Content/Functions/MF_PhongToMetalRoughness.uexp" 1117
"C:/Users/rexge/Documents/Unreal Projects/JR_PRJ3/Content/Ground/sandy_gravel_02.uasset" 1118
"C:/Users/rexge/Documents/Unreal Projects/JR_PRJ3/Content/Ground/sandy_gravel_02.uexp" 1119
"C:/Users/rexge/Documents/Unreal Projects/JR_PRJ3/Content/SandFloorAudio.uasset" 1120
"C:/Users/rexge/Documents/Unreal Projects/JR_PRJ3/Content/SandFloorAudio.uexp" 1121
"C:/Users/rexge/Documents/Unreal Projects/JR_PRJ3/Content/WorldSoundObjects/AudioStem4MetaXR.uasset" 1122
"C:/Users/rexge/Documents/Unreal Projects/JR_PRJ3/Content/WorldSoundObjects/AudioStem4MetaXR.uexp" 1123
"C:/Users/rexge/Documents/Unreal Projects/JR_PRJ3/Content/WorldSoundObjects/AudioStem4Attenuation.uasset" 1124
"C:/Users/rexge/Documents/Unreal Projects/JR_PRJ3/Content/WorldSoundObjects/AudioStem4Attenuation.uexp" 1125
"C:/Users/rexge/Documents/Unreal Projects/JR_PRJ3/Content/WorldSoundObjects/Stem_4__MONO_.ubulk" 1126
"C:/Users/rexge/Documents/Unreal Projects/JR_PRJ3/Content/WorldSoundObjects/Stem_4__MONO_.uasset" 1127
"C:/Users/rexge/Documents/Unreal Projects/JR_PRJ3/Content/WorldSoundObjects/Stem_4__MONO_.uexp" 1128
"C:/Users/rexge/Documents/Unreal Projects/JR_PRJ3/Content/WorldSoundObjects/AudioStem4.uasset" 1129
"C:/Users/rexge/Documents/Unreal Projects/JR_PRJ3/Content/WorldSoundObjects/AudioStem4.uexp" 1130
"C:/Users/rexge/Documents/Unreal Projects/JR_PRJ3/Content/WorldSoundObjects/AudioStem3MetaXR.uasset" 1131
"C:/Users/rexge/Documents/Unreal Projects/JR_PRJ3/Content/WorldSoundObjects/AudioStem3MetaXR.uexp" 1132
"C:/Users/rexge/Documents/Unreal Projects/JR_PRJ3/Content/WorldSoundObjects/AudioStem3Attenuation.uasset" 1133
"C:/Users/rexge/Documents/Unreal Projects/JR_PRJ3/Content/WorldSoundObjects/AudioStem3Attenuation.uexp" 1134
"C:/Users/rexge/Documents/Unreal Projects/JR_PRJ3/Content/WorldSoundObjects/Stem_3__MONO_.ubulk" 1135
"C:/Users/rexge/Documents/Unreal Projects/JR_PRJ3/Content/WorldSoundObjects/Stem_3__MONO_.uasset" 1136
"C:/Users/rexge/Documents/Unreal Projects/JR_PRJ3/Content/WorldSoundObjects/Stem_3__MONO_.uexp" 1137
"C:/Users/rexge/Documents/Unreal Projects/JR_PRJ3/Content/WorldSoundObjects/AudioStem3.uasset" 1138
"C:/Users/rexge/Documents/Unreal Projects/JR_PRJ3/Content/WorldSoundObjects/AudioStem3.uexp" 1139
"C:/Users/rexge/Documents/Unreal Projects/JR_PRJ3/Content/WorldSoundObjects/AudioStem2MetaXR.uasset" 1140
"C:/Users/rexge/Documents/Unreal Projects/JR_PRJ3/Content/WorldSoundObjects/AudioStem2MetaXR.uexp" 1141
"C:/Users/rexge/Documents/Unreal Projects/JR_PRJ3/Content/WorldSoundObjects/AudioStem2Attenuation.uasset" 1142
"C:/Users/rexge/Documents/Unreal Projects/JR_PRJ3/Content/WorldSoundObjects/AudioStem2Attenuation.uexp" 1143
"C:/Users/rexge/Documents/Unreal Projects/JR_PRJ3/Content/WorldSoundObjects/Stem_2__MONO_.ubulk" 1144
"C:/Users/rexge/Documents/Unreal Projects/JR_PRJ3/Content/WorldSoundObjects/Stem_2__MONO_.uasset" 1145
"C:/Users/rexge/Documents/Unreal Projects/JR_PRJ3/Content/WorldSoundObjects/Stem_2__MONO_.uexp" 1146
"C:/Users/rexge/Documents/Unreal Projects/JR_PRJ3/Content/WorldSoundObjects/AudioStem2.uasset" 1147
"C:/Users/rexge/Documents/Unreal Projects/JR_PRJ3/Content/WorldSoundObjects/AudioStem2.uexp" 1148
"C:/Users/rexge/Documents/Unreal Projects/JR_PRJ3/Content/WorldSoundObjects/AudioStem1MetaXr.uasset" 1149
"C:/Users/rexge/Documents/Unreal Projects/JR_PRJ3/Content/WorldSoundObjects/AudioStem1MetaXr.uexp" 1150
"C:/Users/rexge/Documents/Unreal Projects/JR_PRJ3/Content/WorldSoundObjects/AudioStem1Attenuation.uasset" 1151
"C:/Users/rexge/Documents/Unreal Projects/JR_PRJ3/Content/WorldSoundObjects/AudioStem1Attenuation.uexp" 1152
"C:/Users/rexge/Documents/Unreal Projects/JR_PRJ3/Content/WorldSoundObjects/Stem_1__MONO_.ubulk" 1153
"C:/Users/rexge/Documents/Unreal Projects/JR_PRJ3/Content/WorldSoundObjects/Stem_1__MONO_.uasset" 1154
"C:/Users/rexge/Documents/Unreal Projects/JR_PRJ3/Content/WorldSoundObjects/Stem_1__MONO_.uexp" 1155
"C:/Users/rexge/Documents/Unreal Projects/JR_PRJ3/Content/WorldSoundObjects/AudioStem1.uasset" 1156
"C:/Users/rexge/Documents/Unreal Projects/JR_PRJ3/Content/WorldSoundObjects/AudioStem1.uexp" 1157
"../../../Engine/Content/EditorBlueprintResources/StandardMacros.uasset" 1158
"../../../Engine/Content/EditorBlueprintResources/StandardMacros.uexp" 1159
"../../../Engine/Content/EngineSky/T_Sky_Stars.ubulk" 1160
"../../../Engine/Content/EngineSky/T_Sky_Stars.uasset" 1161
"../../../Engine/Content/EngineSky/T_Sky_Stars.uexp" 1162
"../../../Engine/Content/EngineSky/T_Sky_Clouds_M.ubulk" 1163
"../../../Engine/Content/EngineSky/T_Sky_Clouds_M.uasset" 1164
"../../../Engine/Content/EngineSky/T_Sky_Clouds_M.uexp" 1165
"../../../Engine/Content/EngineSky/T_Sky_Blue.ubulk" 1166
"../../../Engine/Content/EngineSky/T_Sky_Blue.uasset" 1167
"../../../Engine/Content/EngineSky/T_Sky_Blue.uexp" 1168
"../../../Engine/Content/EngineSky/M_Sky_Panning_Clouds2.uasset" 1169
"../../../Engine/Content/EngineSky/M_Sky_Panning_Clouds2.uexp" 1170
"../../../Engine/Content/EngineSky/SM_SkySphere.ubulk" 1171
"../../../Engine/Content/EngineSky/SM_SkySphere.uasset" 1172
"../../../Engine/Content/EngineSky/SM_SkySphere.uexp" 1173
"../../../Engine/Content/EngineSky/C_Sky_Zenith_Color.uasset" 1174
"../../../Engine/Content/EngineSky/C_Sky_Zenith_Color.uexp" 1175
"../../../Engine/Content/EngineSky/C_Sky_Horizon_Color.uasset" 1176
"../../../Engine/Content/EngineSky/C_Sky_Horizon_Color.uexp" 1177
"../../../Engine/Content/EngineSky/C_Sky_Cloud_Color.uasset" 1178
"../../../Engine/Content/EngineSky/C_Sky_Cloud_Color.uexp" 1179
"../../../Engine/Content/EngineSky/BP_Sky_Sphere.uasset" 1180
"../../../Engine/Content/EngineSky/BP_Sky_Sphere.uexp" 1181
"../../../Engine/Content/EditorResources/MatineeCam_D.uasset" 1182
"../../../Engine/Content/EditorResources/MatineeCam_D.uexp" 1183
"../../../Engine/Content/EditorMaterials/MatineeCam_mat.uasset" 1184
"../../../Engine/Content/EditorMaterials/MatineeCam_mat.uexp" 1185
"../../../Engine/Content/EditorMeshes/MatineeCam_SM.ubulk" 1186
"../../../Engine/Content/EditorMeshes/MatineeCam_SM.uasset" 1187
"../../../Engine/Content/EditorMeshes/MatineeCam_SM.uexp" 1188
"C:/Users/rexge/Documents/Unreal Projects/JR_PRJ3/Content/VRSpectator/RT_VRSpectator.uasset" 1189
"C:/Users/rexge/Documents/Unreal Projects/JR_PRJ3/Content/VRSpectator/RT_VRSpectator.uexp" 1190
"C:/Users/rexge/Documents/Unreal Projects/JR_PRJ3/Content/VRSpectator/EVRSpectatorMode.uasset" 1191
"C:/Users/rexge/Documents/Unreal Projects/JR_PRJ3/Content/VRSpectator/EVRSpectatorMode.uexp" 1192
"C:/Users/rexge/Documents/Unreal Projects/JR_PRJ3/Content/VRSpectator/Input/Actions/IA_VRSpectator_FadeInOut.uasset" 1193
"C:/Users/rexge/Documents/Unreal Projects/JR_PRJ3/Content/VRSpectator/Input/Actions/IA_VRSpectator_FadeInOut.uexp" 1194
"C:/Users/rexge/Documents/Unreal Projects/JR_PRJ3/Content/VRSpectator/Input/Actions/IA_VRSpectator_FOV.uasset" 1195
"C:/Users/rexge/Documents/Unreal Projects/JR_PRJ3/Content/VRSpectator/Input/Actions/IA_VRSpectator_FOV.uexp" 1196
"C:/Users/rexge/Documents/Unreal Projects/JR_PRJ3/Content/VRSpectator/Input/Actions/IA_VRSpectator_FOV_Reset.uasset" 1197
"C:/Users/rexge/Documents/Unreal Projects/JR_PRJ3/Content/VRSpectator/Input/Actions/IA_VRSpectator_FOV_Reset.uexp" 1198
"C:/Users/rexge/Documents/Unreal Projects/JR_PRJ3/Content/VRSpectator/Input/Actions/IA_VRSpectator_Look.uasset" 1199
"C:/Users/rexge/Documents/Unreal Projects/JR_PRJ3/Content/VRSpectator/Input/Actions/IA_VRSpectator_Look.uexp" 1200
"C:/Users/rexge/Documents/Unreal Projects/JR_PRJ3/Content/VRSpectator/Input/Actions/IA_VRSpectator_Move.uasset" 1201
"C:/Users/rexge/Documents/Unreal Projects/JR_PRJ3/Content/VRSpectator/Input/Actions/IA_VRSpectator_Move.uexp" 1202
"C:/Users/rexge/Documents/Unreal Projects/JR_PRJ3/Content/VRSpectator/Input/Actions/IA_VRSpectator_ResetRotation.uasset" 1203
"C:/Users/rexge/Documents/Unreal Projects/JR_PRJ3/Content/VRSpectator/Input/Actions/IA_VRSpectator_ResetRotation.uexp" 1204
"C:/Users/rexge/Documents/Unreal Projects/JR_PRJ3/Content/VRSpectator/Input/Actions/IA_VRSpectator_Toggle.uasset" 1205
"C:/Users/rexge/Documents/Unreal Projects/JR_PRJ3/Content/VRSpectator/Input/Actions/IA_VRSpectator_Toggle.uexp" 1206
"C:/Users/rexge/Documents/Unreal Projects/JR_PRJ3/Content/VRSpectator/Input/IMC_VRSpectator.uasset" 1207
"C:/Users/rexge/Documents/Unreal Projects/JR_PRJ3/Content/VRSpectator/Input/IMC_VRSpectator.uexp" 1208
"C:/Users/rexge/Documents/Unreal Projects/JR_PRJ3/Content/VRSpectator/VRSpectator.uasset" 1209
"C:/Users/rexge/Documents/Unreal Projects/JR_PRJ3/Content/VRSpectator/VRSpectator.uexp" 1210
"C:/Users/rexge/Documents/Unreal Projects/JR_PRJ3/Content/VRTemplate/Haptics/GrabHapticEffect.uasset" 1211
"C:/Users/rexge/Documents/Unreal Projects/JR_PRJ3/Content/VRTemplate/Haptics/GrabHapticEffect.uexp" 1212
"C:/Users/rexge/Documents/Unreal Projects/JR_PRJ3/Content/VRTemplate/Blueprints/GrabType.uasset" 1213
"C:/Users/rexge/Documents/Unreal Projects/JR_PRJ3/Content/VRTemplate/Blueprints/GrabType.uexp" 1214
"C:/Users/rexge/Documents/Unreal Projects/JR_PRJ3/Content/VRTemplate/Blueprints/GrabComponent.uasset" 1215
"C:/Users/rexge/Documents/Unreal Projects/JR_PRJ3/Content/VRTemplate/Blueprints/GrabComponent.uexp" 1216
"../../../Engine/Content/VREditor/Devices/Generic/GenericHMDMaterial.uasset" 1217
"../../../Engine/Content/VREditor/Devices/Generic/GenericHMDMaterial.uexp" 1218
"../../../Engine/Content/VREditor/Devices/Generic/GenericHMD.ubulk" 1219
"../../../Engine/Content/VREditor/Devices/Generic/GenericHMD.uasset" 1220
"../../../Engine/Content/VREditor/Devices/Generic/GenericHMD.uexp" 1221
"C:/Users/rexge/Documents/Unreal Projects/JR_PRJ3/Content/VRTemplate/VFX/NPC_VRTemplate.uasset" 1222
"C:/Users/rexge/Documents/Unreal Projects/JR_PRJ3/Content/VRTemplate/VFX/NPC_VRTemplate.uexp" 1223
"C:/Users/rexge/Documents/Unreal Projects/JR_PRJ3/Content/VRTemplate/Materials/DefaultRibbonMaterial_NoGradient.uasset" 1224
"C:/Users/rexge/Documents/Unreal Projects/JR_PRJ3/Content/VRTemplate/Materials/DefaultRibbonMaterial_NoGradient.uexp" 1225
"C:/Users/rexge/Documents/Unreal Projects/JR_PRJ3/Content/VRTemplate/VFX/NS_TeleportTrace.uasset" 1226
"C:/Users/rexge/Documents/Unreal Projects/JR_PRJ3/Content/VRTemplate/VFX/NS_TeleportTrace.uexp" 1227
"C:/Users/rexge/Documents/Unreal Projects/JR_PRJ3/Content/VRTemplate/Input/Actions/Hands/IA_Hand_Grasp_Left.uasset" 1228
"C:/Users/rexge/Documents/Unreal Projects/JR_PRJ3/Content/VRTemplate/Input/Actions/Hands/IA_Hand_Grasp_Left.uexp" 1229
"C:/Users/rexge/Documents/Unreal Projects/JR_PRJ3/Content/VRTemplate/Input/Actions/Hands/IA_Hand_Grasp_Right.uasset" 1230
"C:/Users/rexge/Documents/Unreal Projects/JR_PRJ3/Content/VRTemplate/Input/Actions/Hands/IA_Hand_Grasp_Right.uexp" 1231
"C:/Users/rexge/Documents/Unreal Projects/JR_PRJ3/Content/VRTemplate/Input/Actions/Hands/IA_Hand_IndexCurl_Left.uasset" 1232
"C:/Users/rexge/Documents/Unreal Projects/JR_PRJ3/Content/VRTemplate/Input/Actions/Hands/IA_Hand_IndexCurl_Left.uexp" 1233
"C:/Users/rexge/Documents/Unreal Projects/JR_PRJ3/Content/VRTemplate/Input/Actions/Hands/IA_Hand_IndexCurl_Right.uasset" 1234
"C:/Users/rexge/Documents/Unreal Projects/JR_PRJ3/Content/VRTemplate/Input/Actions/Hands/IA_Hand_IndexCurl_Right.uexp" 1235
"C:/Users/rexge/Documents/Unreal Projects/JR_PRJ3/Content/VRTemplate/Input/Actions/Hands/IA_Hand_Point_Left.uasset" 1236
"C:/Users/rexge/Documents/Unreal Projects/JR_PRJ3/Content/VRTemplate/Input/Actions/Hands/IA_Hand_Point_Left.uexp" 1237
"C:/Users/rexge/Documents/Unreal Projects/JR_PRJ3/Content/VRTemplate/Input/Actions/Hands/IA_Hand_Point_Right.uasset" 1238
"C:/Users/rexge/Documents/Unreal Projects/JR_PRJ3/Content/VRTemplate/Input/Actions/Hands/IA_Hand_Point_Right.uexp" 1239
"C:/Users/rexge/Documents/Unreal Projects/JR_PRJ3/Content/VRTemplate/Input/Actions/Hands/IA_Hand_ThumbUp_Left.uasset" 1240
"C:/Users/rexge/Documents/Unreal Projects/JR_PRJ3/Content/VRTemplate/Input/Actions/Hands/IA_Hand_ThumbUp_Left.uexp" 1241
"C:/Users/rexge/Documents/Unreal Projects/JR_PRJ3/Content/VRTemplate/Input/Actions/Hands/IA_Hand_ThumbUp_Right.uasset" 1242
"C:/Users/rexge/Documents/Unreal Projects/JR_PRJ3/Content/VRTemplate/Input/Actions/Hands/IA_Hand_ThumbUp_Right.uexp" 1243
"C:/Users/rexge/Documents/Unreal Projects/JR_PRJ3/Content/VRTemplate/Input/IMC_Hands.uasset" 1244
"C:/Users/rexge/Documents/Unreal Projects/JR_PRJ3/Content/VRTemplate/Input/IMC_Hands.uexp" 1245
"C:/Users/rexge/Documents/Unreal Projects/JR_PRJ3/Content/VRTemplate/Input/Actions/IA_Grab_Left_Pressed.uasset" 1246
"C:/Users/rexge/Documents/Unreal Projects/JR_PRJ3/Content/VRTemplate/Input/Actions/IA_Grab_Left_Pressed.uexp" 1247
"C:/Users/rexge/Documents/Unreal Projects/JR_PRJ3/Content/VRTemplate/Input/Actions/IA_Grab_Left_Released.uasset" 1248
"C:/Users/rexge/Documents/Unreal Projects/JR_PRJ3/Content/VRTemplate/Input/Actions/IA_Grab_Left_Released.uexp" 1249
"C:/Users/rexge/Documents/Unreal Projects/JR_PRJ3/Content/VRTemplate/Input/Actions/IA_Grab_Right_Pressed.uasset" 1250
"C:/Users/rexge/Documents/Unreal Projects/JR_PRJ3/Content/VRTemplate/Input/Actions/IA_Grab_Right_Pressed.uexp" 1251
"C:/Users/rexge/Documents/Unreal Projects/JR_PRJ3/Content/VRTemplate/Input/Actions/IA_Grab_Right_Released.uasset" 1252
"C:/Users/rexge/Documents/Unreal Projects/JR_PRJ3/Content/VRTemplate/Input/Actions/IA_Grab_Right_Released.uexp" 1253
"C:/Users/rexge/Documents/Unreal Projects/JR_PRJ3/Content/VRTemplate/Input/Actions/IA_Menu_Toggle_Left.uasset" 1254
"C:/Users/rexge/Documents/Unreal Projects/JR_PRJ3/Content/VRTemplate/Input/Actions/IA_Menu_Toggle_Left.uexp" 1255
"C:/Users/rexge/Documents/Unreal Projects/JR_PRJ3/Content/VRTemplate/Input/Actions/IA_Menu_Toggle_Right.uasset" 1256
"C:/Users/rexge/Documents/Unreal Projects/JR_PRJ3/Content/VRTemplate/Input/Actions/IA_Menu_Toggle_Right.uexp" 1257
"C:/Users/rexge/Documents/Unreal Projects/JR_PRJ3/Content/VRTemplate/Input/B_InputModifier_XAxisPositiveOnly.uasset" 1258
"C:/Users/rexge/Documents/Unreal Projects/JR_PRJ3/Content/VRTemplate/Input/B_InputModifier_XAxisPositiveOnly.uexp" 1259
"C:/Users/rexge/Documents/Unreal Projects/JR_PRJ3/Content/VRTemplate/Input/Actions/IA_Move.uasset" 1260
"C:/Users/rexge/Documents/Unreal Projects/JR_PRJ3/Content/VRTemplate/Input/Actions/IA_Move.uexp" 1261
"C:/Users/rexge/Documents/Unreal Projects/JR_PRJ3/Content/VRTemplate/Input/Actions/IA_Turn.uasset" 1262
"C:/Users/rexge/Documents/Unreal Projects/JR_PRJ3/Content/VRTemplate/Input/Actions/IA_Turn.uexp" 1263
"C:/Users/rexge/Documents/Unreal Projects/JR_PRJ3/Content/VRTemplate/Input/IMC_Default.uasset" 1264
"C:/Users/rexge/Documents/Unreal Projects/JR_PRJ3/Content/VRTemplate/Input/IMC_Default.uexp" 1265
"../../../Engine/Content/BasicShapes/Cylinder.ubulk" 1266
"../../../Engine/Content/BasicShapes/Cylinder.uasset" 1267
"../../../Engine/Content/BasicShapes/Cylinder.uexp" 1268
"../../../Engine/Content/Functions/Engine_MaterialFunctions02/Utility/DepthFromWorldPosition.uasset" 1269
"../../../Engine/Content/Functions/Engine_MaterialFunctions02/Utility/DepthFromWorldPosition.uexp" 1270
"C:/Users/rexge/Documents/Unreal Projects/JR_PRJ3/Content/VRTemplate/Materials/Functions/MF_OccludedPixels.uasset" 1271
"C:/Users/rexge/Documents/Unreal Projects/JR_PRJ3/Content/VRTemplate/Materials/Functions/MF_OccludedPixels.uexp" 1272
"C:/Users/rexge/Documents/Unreal Projects/JR_PRJ3/Content/VRTemplate/Materials/M_TeleportNoise.uasset" 1273
"C:/Users/rexge/Documents/Unreal Projects/JR_PRJ3/Content/VRTemplate/Materials/M_TeleportNoise.uexp" 1274
"C:/Users/rexge/Documents/Unreal Projects/JR_PRJ3/Content/VRTemplate/Materials/M_TeleportCylinder.uasset" 1275
"C:/Users/rexge/Documents/Unreal Projects/JR_PRJ3/Content/VRTemplate/Materials/M_TeleportCylinder.uexp" 1276
"C:/Users/rexge/Documents/Unreal Projects/JR_PRJ3/Content/VRTemplate/VFX/NS_TeleportRing.uasset" 1277
"C:/Users/rexge/Documents/Unreal Projects/JR_PRJ3/Content/VRTemplate/VFX/NS_TeleportRing.uexp" 1278
"C:/Users/rexge/Documents/Unreal Projects/JR_PRJ3/Content/VRTemplate/VFX/NS_PlayAreaBounds.uasset" 1279
"C:/Users/rexge/Documents/Unreal Projects/JR_PRJ3/Content/VRTemplate/VFX/NS_PlayAreaBounds.uexp" 1280
"C:/Users/rexge/Documents/Unreal Projects/JR_PRJ3/Content/VRTemplate/Blueprints/VRTeleportVisualizer.uasset" 1281
"C:/Users/rexge/Documents/Unreal Projects/JR_PRJ3/Content/VRTemplate/Blueprints/VRTeleportVisualizer.uexp" 1282
"../../../Engine/Content/BasicShapes/Sphere.ubulk" 1283
"../../../Engine/Content/BasicShapes/Sphere.uasset" 1284
"../../../Engine/Content/BasicShapes/Sphere.uexp" 1285
"C:/Users/rexge/Documents/Unreal Projects/JR_PRJ3/Content/VRTemplate/VFX/NS_MenuLaser.uasset" 1286
"C:/Users/rexge/Documents/Unreal Projects/JR_PRJ3/Content/VRTemplate/VFX/NS_MenuLaser.uexp" 1287
"C:/Users/rexge/Documents/Unreal Projects/JR_PRJ3/Content/VRTemplate/Materials/M_VRCursor.uasset" 1288
"C:/Users/rexge/Documents/Unreal Projects/JR_PRJ3/Content/VRTemplate/Materials/M_VRCursor.uexp" 1289
"C:/Users/rexge/Documents/Unreal Projects/JR_PRJ3/Content/VRTemplate/Input/Actions/IA_Menu_Cursor_Left.uasset" 1290
"C:/Users/rexge/Documents/Unreal Projects/JR_PRJ3/Content/VRTemplate/Input/Actions/IA_Menu_Cursor_Left.uexp" 1291
"C:/Users/rexge/Documents/Unreal Projects/JR_PRJ3/Content/VRTemplate/Input/Actions/IA_Menu_Cursor_Right.uasset" 1292
"C:/Users/rexge/Documents/Unreal Projects/JR_PRJ3/Content/VRTemplate/Input/Actions/IA_Menu_Cursor_Right.uexp" 1293
"C:/Users/rexge/Documents/Unreal Projects/JR_PRJ3/Content/VRTemplate/Input/Actions/IA_Menu_Interact_Left_Pressed.uasset" 1294
"C:/Users/rexge/Documents/Unreal Projects/JR_PRJ3/Content/VRTemplate/Input/Actions/IA_Menu_Interact_Left_Pressed.uexp" 1295
"C:/Users/rexge/Documents/Unreal Projects/JR_PRJ3/Content/VRTemplate/Input/Actions/IA_Menu_Interact_Right_Pressed.uasset" 1296
"C:/Users/rexge/Documents/Unreal Projects/JR_PRJ3/Content/VRTemplate/Input/Actions/IA_Menu_Interact_Right_Pressed.uexp" 1297
"C:/Users/rexge/Documents/Unreal Projects/JR_PRJ3/Content/VRTemplate/Input/IMC_Menu.uasset" 1298
"C:/Users/rexge/Documents/Unreal Projects/JR_PRJ3/Content/VRTemplate/Input/IMC_Menu.uexp" 1299
"../../../Engine/Content/EditorResources/AI/S_NavLink.uasset" 1300
"../../../Engine/Content/EditorResources/AI/S_NavLink.uexp" 1301
"C:/Users/rexge/Documents/Unreal Projects/JR_PRJ3/Content/VRTemplate/Blueprints/WidgetMenu.uasset" 1302
"C:/Users/rexge/Documents/Unreal Projects/JR_PRJ3/Content/VRTemplate/Blueprints/WidgetMenu.uexp" 1303
"C:/Users/rexge/Documents/Unreal Projects/JR_PRJ3/Content/VRTemplate/Blueprints/Menu.uasset" 1304
"C:/Users/rexge/Documents/Unreal Projects/JR_PRJ3/Content/VRTemplate/Blueprints/Menu.uexp" 1305
"C:/Users/rexge/Documents/Unreal Projects/JR_PRJ3/Content/VRTemplate/Blueprints/BPI_PawnAnim.uasset" 1306
"C:/Users/rexge/Documents/Unreal Projects/JR_PRJ3/Content/VRTemplate/Blueprints/BPI_PawnAnim.uexp" 1307
"C:/Users/rexge/Documents/Unreal Projects/JR_PRJ3/Content/Characters/MannequinsXR/Meshes/SK_MannequinsXR.uasset" 1308
"C:/Users/rexge/Documents/Unreal Projects/JR_PRJ3/Content/Characters/MannequinsXR/Meshes/SK_MannequinsXR.uexp" 1309
"C:/Users/rexge/Documents/Unreal Projects/JR_PRJ3/Content/Characters/MannequinsXR/Animations/MDT_MannequinsXR.uasset" 1310
"C:/Users/rexge/Documents/Unreal Projects/JR_PRJ3/Content/Characters/MannequinsXR/Animations/MDT_MannequinsXR.uexp" 1311
"../../../Engine/Content/Animation/DefaultRecorderBoneCompression.uasset" 1312
"../../../Engine/Content/Animation/DefaultRecorderBoneCompression.uexp" 1313
"../../../Engine/Content/Animation/DefaultAnimCurveCompressionSettings.uasset" 1314
"../../../Engine/Content/Animation/DefaultAnimCurveCompressionSettings.uexp" 1315
"C:/Users/rexge/Documents/Unreal Projects/JR_PRJ3/Content/Characters/MannequinsXR/Animations/A_MannequinsXR_ThumbUp_Right.uasset" 1316
"C:/Users/rexge/Documents/Unreal Projects/JR_PRJ3/Content/Characters/MannequinsXR/Animations/A_MannequinsXR_ThumbUp_Right.m.ubulk" 1317
"C:/Users/rexge/Documents/Unreal Projects/JR_PRJ3/Content/Characters/MannequinsXR/Animations/A_MannequinsXR_ThumbUp_Right.uexp" 1318
"C:/Users/rexge/Documents/Unreal Projects/JR_PRJ3/Content/Characters/MannequinsXR/Animations/A_MannequinsXR_Point_Right.uasset" 1319
"C:/Users/rexge/Documents/Unreal Projects/JR_PRJ3/Content/Characters/MannequinsXR/Animations/A_MannequinsXR_Point_Right.m.ubulk" 1320
"C:/Users/rexge/Documents/Unreal Projects/JR_PRJ3/Content/Characters/MannequinsXR/Animations/A_MannequinsXR_Point_Right.uexp" 1321
"C:/Users/rexge/Documents/Unreal Projects/JR_PRJ3/Content/Characters/MannequinsXR/Animations/A_MannequinsXR_IndexCurl_Right.uasset" 1322
"C:/Users/rexge/Documents/Unreal Projects/JR_PRJ3/Content/Characters/MannequinsXR/Animations/A_MannequinsXR_IndexCurl_Right.m.ubulk" 1323
"C:/Users/rexge/Documents/Unreal Projects/JR_PRJ3/Content/Characters/MannequinsXR/Animations/A_MannequinsXR_IndexCurl_Right.uexp" 1324
"C:/Users/rexge/Documents/Unreal Projects/JR_PRJ3/Content/Characters/MannequinsXR/Animations/A_MannequinsXR_Idle_Right.uasset" 1325
"C:/Users/rexge/Documents/Unreal Projects/JR_PRJ3/Content/Characters/MannequinsXR/Animations/A_MannequinsXR_Idle_Right.m.ubulk" 1326
"C:/Users/rexge/Documents/Unreal Projects/JR_PRJ3/Content/Characters/MannequinsXR/Animations/A_MannequinsXR_Idle_Right.uexp" 1327
"C:/Users/rexge/Documents/Unreal Projects/JR_PRJ3/Content/Characters/MannequinsXR/Animations/A_MannequinsXR_Grasp_Right.uasset" 1328
"C:/Users/rexge/Documents/Unreal Projects/JR_PRJ3/Content/Characters/MannequinsXR/Animations/A_MannequinsXR_Grasp_Right.m.ubulk" 1329
"C:/Users/rexge/Documents/Unreal Projects/JR_PRJ3/Content/Characters/MannequinsXR/Animations/A_MannequinsXR_Grasp_Right.uexp" 1330
"C:/Users/rexge/Documents/Unreal Projects/JR_PRJ3/Content/Characters/MannequinsXR/Meshes/ABP_MannequinsXR.uasset" 1331
"C:/Users/rexge/Documents/Unreal Projects/JR_PRJ3/Content/Characters/MannequinsXR/Meshes/ABP_MannequinsXR.uexp" 1332
"C:/Users/rexge/Documents/Unreal Projects/JR_PRJ3/Content/Characters/MannequinsXR/Textures/Manny/T_Manny_02_Tan.ubulk" 1333
"C:/Users/rexge/Documents/Unreal Projects/JR_PRJ3/Content/Characters/MannequinsXR/Textures/Manny/T_Manny_02_Tan.uasset" 1334
"C:/Users/rexge/Documents/Unreal Projects/JR_PRJ3/Content/Characters/MannequinsXR/Textures/Manny/T_Manny_02_Tan.uexp" 1335
"C:/Users/rexge/Documents/Unreal Projects/JR_PRJ3/Content/Characters/MannequinsXR/Textures/Manny/T_Manny_02_N.ubulk" 1336
"C:/Users/rexge/Documents/Unreal Projects/JR_PRJ3/Content/Characters/MannequinsXR/Textures/Manny/T_Manny_02_N.uasset" 1337
"C:/Users/rexge/Documents/Unreal Projects/JR_PRJ3/Content/Characters/MannequinsXR/Textures/Manny/T_Manny_02_N.uexp" 1338
"C:/Users/rexge/Documents/Unreal Projects/JR_PRJ3/Content/Characters/MannequinsXR/Textures/Manny/T_Manny_02_MSR_MSK.ubulk" 1339
"C:/Users/rexge/Documents/Unreal Projects/JR_PRJ3/Content/Characters/MannequinsXR/Textures/Manny/T_Manny_02_MSR_MSK.uasset" 1340
"C:/Users/rexge/Documents/Unreal Projects/JR_PRJ3/Content/Characters/MannequinsXR/Textures/Manny/T_Manny_02_MSR_MSK.uexp" 1341
"C:/Users/rexge/Documents/Unreal Projects/JR_PRJ3/Content/Characters/MannequinsXR/Textures/Manny/T_Manny_02_D.ubulk" 1342
"C:/Users/rexge/Documents/Unreal Projects/JR_PRJ3/Content/Characters/MannequinsXR/Textures/Manny/T_Manny_02_D.uasset" 1343
"C:/Users/rexge/Documents/Unreal Projects/JR_PRJ3/Content/Characters/MannequinsXR/Textures/Manny/T_Manny_02_D.uexp" 1344
"C:/Users/rexge/Documents/Unreal Projects/JR_PRJ3/Content/Characters/MannequinsXR/Textures/Manny/T_Manny_02_CCRCCPlastic_MSK.ubulk" 1345
"C:/Users/rexge/Documents/Unreal Projects/JR_PRJ3/Content/Characters/MannequinsXR/Textures/Manny/T_Manny_02_CCRCCPlastic_MSK.uasset" 1346
"C:/Users/rexge/Documents/Unreal Projects/JR_PRJ3/Content/Characters/MannequinsXR/Textures/Manny/T_Manny_02_CCRCCPlastic_MSK.uexp" 1347
"C:/Users/rexge/Documents/Unreal Projects/JR_PRJ3/Content/Characters/MannequinsXR/Textures/Manny/T_Manny_02_BN.ubulk" 1348
"C:/Users/rexge/Documents/Unreal Projects/JR_PRJ3/Content/Characters/MannequinsXR/Textures/Manny/T_Manny_02_BN.uasset" 1349
"C:/Users/rexge/Documents/Unreal Projects/JR_PRJ3/Content/Characters/MannequinsXR/Textures/Manny/T_Manny_02_BN.uexp" 1350
"C:/Users/rexge/Documents/Unreal Projects/JR_PRJ3/Content/Characters/MannequinsXR/Textures/Manny/T_Manny_02_ASAOPMASK_MSK.ubulk" 1351
"C:/Users/rexge/Documents/Unreal Projects/JR_PRJ3/Content/Characters/MannequinsXR/Textures/Manny/T_Manny_02_ASAOPMASK_MSK.uasset" 1352
"C:/Users/rexge/Documents/Unreal Projects/JR_PRJ3/Content/Characters/MannequinsXR/Textures/Manny/T_Manny_02_ASAOPMASK_MSK.uexp" 1353
"C:/Users/rexge/Documents/Unreal Projects/JR_PRJ3/Content/Characters/MannequinsXR/Textures/Manny/T_Manny_01_ASAOPMASK_MSK.ubulk" 1354
"C:/Users/rexge/Documents/Unreal Projects/JR_PRJ3/Content/Characters/MannequinsXR/Textures/Manny/T_Manny_01_ASAOPMASK_MSK.uasset" 1355
"C:/Users/rexge/Documents/Unreal Projects/JR_PRJ3/Content/Characters/MannequinsXR/Textures/Manny/T_Manny_01_ASAOPMASK_MSK.uexp" 1356
"C:/Users/rexge/Documents/Unreal Projects/JR_PRJ3/Content/Characters/MannequinsXR/Textures/Manny/T_Manny_01_BN.ubulk" 1357
"C:/Users/rexge/Documents/Unreal Projects/JR_PRJ3/Content/Characters/MannequinsXR/Textures/Manny/T_Manny_01_BN.uasset" 1358
"C:/Users/rexge/Documents/Unreal Projects/JR_PRJ3/Content/Characters/MannequinsXR/Textures/Manny/T_Manny_01_BN.uexp" 1359
"C:/Users/rexge/Documents/Unreal Projects/JR_PRJ3/Content/Characters/MannequinsXR/Textures/Manny/T_Manny_01_CCRCCPlastic_MSK.ubulk" 1360
"C:/Users/rexge/Documents/Unreal Projects/JR_PRJ3/Content/Characters/MannequinsXR/Textures/Manny/T_Manny_01_CCRCCPlastic_MSK.uasset" 1361
"C:/Users/rexge/Documents/Unreal Projects/JR_PRJ3/Content/Characters/MannequinsXR/Textures/Manny/T_Manny_01_CCRCCPlastic_MSK.uexp" 1362
"C:/Users/rexge/Documents/Unreal Projects/JR_PRJ3/Content/Characters/MannequinsXR/Textures/Manny/T_Manny_01_D.ubulk" 1363
"C:/Users/rexge/Documents/Unreal Projects/JR_PRJ3/Content/Characters/MannequinsXR/Textures/Manny/T_Manny_01_D.uasset" 1364
"C:/Users/rexge/Documents/Unreal Projects/JR_PRJ3/Content/Characters/MannequinsXR/Textures/Manny/T_Manny_01_D.uexp" 1365
"C:/Users/rexge/Documents/Unreal Projects/JR_PRJ3/Content/Characters/MannequinsXR/Textures/Manny/T_Manny_01_MSR_MSK.ubulk" 1366
"C:/Users/rexge/Documents/Unreal Projects/JR_PRJ3/Content/Characters/MannequinsXR/Textures/Manny/T_Manny_01_MSR_MSK.uasset" 1367
"C:/Users/rexge/Documents/Unreal Projects/JR_PRJ3/Content/Characters/MannequinsXR/Textures/Manny/T_Manny_01_MSR_MSK.uexp" 1368
"C:/Users/rexge/Documents/Unreal Projects/JR_PRJ3/Content/Characters/MannequinsXR/Textures/Manny/T_Manny_01_N.ubulk" 1369
"C:/Users/rexge/Documents/Unreal Projects/JR_PRJ3/Content/Characters/MannequinsXR/Textures/Manny/T_Manny_01_N.uasset" 1370
"C:/Users/rexge/Documents/Unreal Projects/JR_PRJ3/Content/Characters/MannequinsXR/Textures/Manny/T_Manny_01_N.uexp" 1371
"C:/Users/rexge/Documents/Unreal Projects/JR_PRJ3/Content/Characters/MannequinsXR/Textures/Manny/T_Manny_01_Tan.ubulk" 1372
"C:/Users/rexge/Documents/Unreal Projects/JR_PRJ3/Content/Characters/MannequinsXR/Textures/Manny/T_Manny_01_Tan.uasset" 1373
"C:/Users/rexge/Documents/Unreal Projects/JR_PRJ3/Content/Characters/MannequinsXR/Textures/Manny/T_Manny_01_Tan.uexp" 1374
"C:/Users/rexge/Documents/Unreal Projects/JR_PRJ3/Content/Characters/MannequinsXR/Materials/Functions/ChromaticCurve.uasset" 1375
"C:/Users/rexge/Documents/Unreal Projects/JR_PRJ3/Content/Characters/MannequinsXR/Materials/Functions/ChromaticCurve.uexp" 1376
"C:/Users/rexge/Documents/Unreal Projects/JR_PRJ3/Content/Characters/MannequinsXR/Materials/Functions/CA_Mannequin.uasset" 1377
"C:/Users/rexge/Documents/Unreal Projects/JR_PRJ3/Content/Characters/MannequinsXR/Materials/Functions/CA_Mannequin.uexp" 1378
"C:/Users/rexge/Documents/Unreal Projects/JR_PRJ3/Content/Characters/MannequinsXR/Materials/Functions/MF_Diffraction.uasset" 1379
"C:/Users/rexge/Documents/Unreal Projects/JR_PRJ3/Content/Characters/MannequinsXR/Materials/Functions/MF_Diffraction.uexp" 1380
"C:/Users/rexge/Documents/Unreal Projects/JR_PRJ3/Content/Characters/MannequinsXR/Textures/Shared/T_UE_Logo_M.uasset" 1381
"C:/Users/rexge/Documents/Unreal Projects/JR_PRJ3/Content/Characters/MannequinsXR/Textures/Shared/T_UE_Logo_M.uexp" 1382
"C:/Users/rexge/Documents/Unreal Projects/JR_PRJ3/Content/Characters/MannequinsXR/Materials/Functions/MF_logo3layers.uasset" 1383
"C:/Users/rexge/Documents/Unreal Projects/JR_PRJ3/Content/Characters/MannequinsXR/Materials/Functions/MF_logo3layers.uexp" 1384
"C:/Users/rexge/Documents/Unreal Projects/JR_PRJ3/Content/Characters/MannequinsXR/Materials/Functions/ML_BaseColorFallOff.uasset" 1385
"C:/Users/rexge/Documents/Unreal Projects/JR_PRJ3/Content/Characters/MannequinsXR/Materials/Functions/ML_BaseColorFallOff.uexp" 1386
"C:/Users/rexge/Documents/Unreal Projects/JR_PRJ3/Content/Characters/MannequinsXR/Materials/M_Mannequin.uasset" 1387
"C:/Users/rexge/Documents/Unreal Projects/JR_PRJ3/Content/Characters/MannequinsXR/Materials/M_Mannequin.uexp" 1388
"C:/Users/rexge/Documents/Unreal Projects/JR_PRJ3/Content/Characters/MannequinsXR/Materials/Instances/Manny/MI_Manny_01.uasset" 1389
"C:/Users/rexge/Documents/Unreal Projects/JR_PRJ3/Content/Characters/MannequinsXR/Materials/Instances/Manny/MI_Manny_01.uexp" 1390
"C:/Users/rexge/Documents/Unreal Projects/JR_PRJ3/Content/Characters/MannequinsXR/Materials/Instances/Manny/MI_Manny_02.uasset" 1391
"C:/Users/rexge/Documents/Unreal Projects/JR_PRJ3/Content/Characters/MannequinsXR/Materials/Instances/Manny/MI_Manny_02.uexp" 1392
"C:/Users/rexge/Documents/Unreal Projects/JR_PRJ3/Content/Characters/MannequinsXR/Meshes/SKM_MannyXR_left.uasset" 1393
"C:/Users/rexge/Documents/Unreal Projects/JR_PRJ3/Content/Characters/MannequinsXR/Meshes/SKM_MannyXR_left.uexp" 1394
"C:/Users/rexge/Documents/Unreal Projects/JR_PRJ3/Content/Characters/MannequinsXR/B_MannequinsXR.uasset" 1395
"C:/Users/rexge/Documents/Unreal Projects/JR_PRJ3/Content/Characters/MannequinsXR/B_MannequinsXR.uexp" 1396
"C:/Users/rexge/Documents/Unreal Projects/JR_PRJ3/Content/Characters/MannequinsXR/Meshes/SKM_MannyXR_right.uasset" 1397
"C:/Users/rexge/Documents/Unreal Projects/JR_PRJ3/Content/Characters/MannequinsXR/Meshes/SKM_MannyXR_right.uexp" 1398
"C:/Users/rexge/Documents/Unreal Projects/JR_PRJ3/Content/VRTemplate/Blueprints/VRPawn.uasset" 1399
"C:/Users/rexge/Documents/Unreal Projects/JR_PRJ3/Content/VRTemplate/Blueprints/VRPawn.uexp" 1400
"C:/Users/rexge/Documents/Unreal Projects/JR_PRJ3/Content/VRTemplate/Blueprints/VRGameMode.uasset" 1401
"C:/Users/rexge/Documents/Unreal Projects/JR_PRJ3/Content/VRTemplate/Blueprints/VRGameMode.uexp" 1402
"C:/Users/rexge/Documents/Unreal Projects/JR_PRJ3/Content/Platformer_8_Underworld/Textures/T_Textures.ubulk" 1403
"C:/Users/rexge/Documents/Unreal Projects/JR_PRJ3/Content/Platformer_8_Underworld/Textures/T_Textures.uasset" 1404
"C:/Users/rexge/Documents/Unreal Projects/JR_PRJ3/Content/Platformer_8_Underworld/Textures/T_Textures.uexp" 1405
"C:/Users/rexge/Documents/Unreal Projects/JR_PRJ3/Content/Platformer_8_Underworld/Materials/M_Color_smooth.uasset" 1406
"C:/Users/rexge/Documents/Unreal Projects/JR_PRJ3/Content/Platformer_8_Underworld/Materials/M_Color_smooth.uexp" 1407
"C:/Users/rexge/Documents/Unreal Projects/JR_PRJ3/Content/Platformer_8_Underworld/Meshes/SM_vase_002.ubulk" 1408
"C:/Users/rexge/Documents/Unreal Projects/JR_PRJ3/Content/Platformer_8_Underworld/Meshes/SM_vase_002.uasset" 1409
"C:/Users/rexge/Documents/Unreal Projects/JR_PRJ3/Content/Platformer_8_Underworld/Meshes/SM_vase_002.uexp" 1410
"C:/Users/rexge/Documents/Unreal Projects/JR_PRJ3/Content/Platformer_8_Underworld/Meshes/SM_vase_001.ubulk" 1411
"C:/Users/rexge/Documents/Unreal Projects/JR_PRJ3/Content/Platformer_8_Underworld/Meshes/SM_vase_001.uasset" 1412
"C:/Users/rexge/Documents/Unreal Projects/JR_PRJ3/Content/Platformer_8_Underworld/Meshes/SM_vase_001.uexp" 1413
"C:/Users/rexge/Documents/Unreal Projects/JR_PRJ3/Content/Platformer_8_Underworld/Textures/T_Stone_Normal.ubulk" 1414
"C:/Users/rexge/Documents/Unreal Projects/JR_PRJ3/Content/Platformer_8_Underworld/Textures/T_Stone_Normal.uasset" 1415
"C:/Users/rexge/Documents/Unreal Projects/JR_PRJ3/Content/Platformer_8_Underworld/Textures/T_Stone_Normal.uexp" 1416
"C:/Users/rexge/Documents/Unreal Projects/JR_PRJ3/Content/Platformer_8_Underworld/Materials/M_Color.uasset" 1417
"C:/Users/rexge/Documents/Unreal Projects/JR_PRJ3/Content/Platformer_8_Underworld/Materials/M_Color.uexp" 1418
"C:/Users/rexge/Documents/Unreal Projects/JR_PRJ3/Content/Platformer_8_Underworld/Meshes/SM_statue_warlock_001.ubulk" 1419
"C:/Users/rexge/Documents/Unreal Projects/JR_PRJ3/Content/Platformer_8_Underworld/Meshes/SM_statue_warlock_001.uasset" 1420
"C:/Users/rexge/Documents/Unreal Projects/JR_PRJ3/Content/Platformer_8_Underworld/Meshes/SM_statue_warlock_001.uexp" 1421
"C:/Users/rexge/Documents/Unreal Projects/JR_PRJ3/Content/Platformer_8_Underworld/Materials/M_Metal.uasset" 1422
"C:/Users/rexge/Documents/Unreal Projects/JR_PRJ3/Content/Platformer_8_Underworld/Materials/M_Metal.uexp" 1423
"C:/Users/rexge/Documents/Unreal Projects/JR_PRJ3/Content/Platformer_8_Underworld/Meshes/SM_statue_podium_001.ubulk" 1424
"C:/Users/rexge/Documents/Unreal Projects/JR_PRJ3/Content/Platformer_8_Underworld/Meshes/SM_statue_podium_001.uasset" 1425
"C:/Users/rexge/Documents/Unreal Projects/JR_PRJ3/Content/Platformer_8_Underworld/Meshes/SM_statue_podium_001.uexp" 1426
"C:/Users/rexge/Documents/Unreal Projects/JR_PRJ3/Content/Platformer_8_Underworld/Materials/M_Emission.uasset" 1427
"C:/Users/rexge/Documents/Unreal Projects/JR_PRJ3/Content/Platformer_8_Underworld/Materials/M_Emission.uexp" 1428
"C:/Users/rexge/Documents/Unreal Projects/JR_PRJ3/Content/Platformer_8_Underworld/Meshes/SM_statue_knight_001.ubulk" 1429
"C:/Users/rexge/Documents/Unreal Projects/JR_PRJ3/Content/Platformer_8_Underworld/Meshes/SM_statue_knight_001.uasset" 1430
"C:/Users/rexge/Documents/Unreal Projects/JR_PRJ3/Content/Platformer_8_Underworld/Meshes/SM_statue_knight_001.uexp" 1431
"C:/Users/rexge/Documents/Unreal Projects/JR_PRJ3/Content/Platformer_8_Underworld/Meshes/SM_state_warlock_circle_001.ubulk" 1432
"C:/Users/rexge/Documents/Unreal Projects/JR_PRJ3/Content/Platformer_8_Underworld/Meshes/SM_state_warlock_circle_001.uasset" 1433
"C:/Users/rexge/Documents/Unreal Projects/JR_PRJ3/Content/Platformer_8_Underworld/Meshes/SM_state_warlock_circle_001.uexp" 1434
"C:/Users/rexge/Documents/Unreal Projects/JR_PRJ3/Content/VRTemplate/Maps/VRTemplateMap_BuiltData.ubulk" 1435
"C:/Users/rexge/Documents/Unreal Projects/JR_PRJ3/Content/VRTemplate/Maps/VRTemplateMap_BuiltData.uasset" 1436
"C:/Users/rexge/Documents/Unreal Projects/JR_PRJ3/Content/VRTemplate/Maps/VRTemplateMap_BuiltData.uexp" 1437
"C:/Users/rexge/Documents/Unreal Projects/JR_PRJ3/Content/Platformer_8_Underworld/Meshes/SM_ruins_road_001.ubulk" 1438
"C:/Users/rexge/Documents/Unreal Projects/JR_PRJ3/Content/Platformer_8_Underworld/Meshes/SM_ruins_road_001.uasset" 1439
"C:/Users/rexge/Documents/Unreal Projects/JR_PRJ3/Content/Platformer_8_Underworld/Meshes/SM_ruins_road_001.uexp" 1440
"C:/Users/rexge/Documents/Unreal Projects/JR_PRJ3/Content/Platformer_8_Underworld/Meshes/SM_ruins_003.ubulk" 1441
"C:/Users/rexge/Documents/Unreal Projects/JR_PRJ3/Content/Platformer_8_Underworld/Meshes/SM_ruins_003.uasset" 1442
"C:/Users/rexge/Documents/Unreal Projects/JR_PRJ3/Content/Platformer_8_Underworld/Meshes/SM_ruins_003.uexp" 1443
"C:/Users/rexge/Documents/Unreal Projects/JR_PRJ3/Content/Platformer_8_Underworld/Meshes/SM_pillar_001.ubulk" 1444
"C:/Users/rexge/Documents/Unreal Projects/JR_PRJ3/Content/Platformer_8_Underworld/Meshes/SM_pillar_001.uasset" 1445
"C:/Users/rexge/Documents/Unreal Projects/JR_PRJ3/Content/Platformer_8_Underworld/Meshes/SM_pillar_001.uexp" 1446
"C:/Users/rexge/Documents/Unreal Projects/JR_PRJ3/Content/Platformer_8_Underworld/Materials/M_Gem.uasset" 1447
"C:/Users/rexge/Documents/Unreal Projects/JR_PRJ3/Content/Platformer_8_Underworld/Materials/M_Gem.uexp" 1448
"C:/Users/rexge/Documents/Unreal Projects/JR_PRJ3/Content/Platformer_8_Underworld/Meshes/SM_passage_001.ubulk" 1449
"C:/Users/rexge/Documents/Unreal Projects/JR_PRJ3/Content/Platformer_8_Underworld/Meshes/SM_passage_001.uasset" 1450
"C:/Users/rexge/Documents/Unreal Projects/JR_PRJ3/Content/Platformer_8_Underworld/Meshes/SM_passage_001.uexp" 1451
"C:/Users/rexge/Documents/Unreal Projects/JR_PRJ3/Content/Platformer_8_Underworld/Meshes/SM_obstacle_1_002.ubulk" 1452
"C:/Users/rexge/Documents/Unreal Projects/JR_PRJ3/Content/Platformer_8_Underworld/Meshes/SM_obstacle_1_002.uasset" 1453
"C:/Users/rexge/Documents/Unreal Projects/JR_PRJ3/Content/Platformer_8_Underworld/Meshes/SM_obstacle_1_002.uexp" 1454
"C:/Users/rexge/Documents/Unreal Projects/JR_PRJ3/Content/Platformer_8_Underworld/Meshes/SM_hieroglyph_018.ubulk" 1455
"C:/Users/rexge/Documents/Unreal Projects/JR_PRJ3/Content/Platformer_8_Underworld/Meshes/SM_hieroglyph_018.uasset" 1456
"C:/Users/rexge/Documents/Unreal Projects/JR_PRJ3/Content/Platformer_8_Underworld/Meshes/SM_hieroglyph_018.uexp" 1457
"C:/Users/rexge/Documents/Unreal Projects/JR_PRJ3/Content/Platformer_8_Underworld/Meshes/SM_hieroglyph_014.ubulk" 1458
"C:/Users/rexge/Documents/Unreal Projects/JR_PRJ3/Content/Platformer_8_Underworld/Meshes/SM_hieroglyph_014.uasset" 1459
"C:/Users/rexge/Documents/Unreal Projects/JR_PRJ3/Content/Platformer_8_Underworld/Meshes/SM_hieroglyph_014.uexp" 1460
"C:/Users/rexge/Documents/Unreal Projects/JR_PRJ3/Content/Platformer_8_Underworld/Meshes/SM_hieroglyph_009.ubulk" 1461
"C:/Users/rexge/Documents/Unreal Projects/JR_PRJ3/Content/Platformer_8_Underworld/Meshes/SM_hieroglyph_009.uasset" 1462
"C:/Users/rexge/Documents/Unreal Projects/JR_PRJ3/Content/Platformer_8_Underworld/Meshes/SM_hieroglyph_009.uexp" 1463
"C:/Users/rexge/Documents/Unreal Projects/JR_PRJ3/Content/Platformer_8_Underworld/Meshes/SM_hieroglyph_004.ubulk" 1464
"C:/Users/rexge/Documents/Unreal Projects/JR_PRJ3/Content/Platformer_8_Underworld/Meshes/SM_hieroglyph_004.uasset" 1465
"C:/Users/rexge/Documents/Unreal Projects/JR_PRJ3/Content/Platformer_8_Underworld/Meshes/SM_hieroglyph_004.uexp" 1466
"C:/Users/rexge/Documents/Unreal Projects/JR_PRJ3/Content/Platformer_8_Underworld/Meshes/SM_hieroglyph_003.ubulk" 1467
"C:/Users/rexge/Documents/Unreal Projects/JR_PRJ3/Content/Platformer_8_Underworld/Meshes/SM_hieroglyph_003.uasset" 1468
"C:/Users/rexge/Documents/Unreal Projects/JR_PRJ3/Content/Platformer_8_Underworld/Meshes/SM_hieroglyph_003.uexp" 1469
"C:/Users/rexge/Documents/Unreal Projects/JR_PRJ3/Content/Platformer_8_Underworld/Meshes/SM_hieroglyph_002.ubulk" 1470
"C:/Users/rexge/Documents/Unreal Projects/JR_PRJ3/Content/Platformer_8_Underworld/Meshes/SM_hieroglyph_002.uasset" 1471
"C:/Users/rexge/Documents/Unreal Projects/JR_PRJ3/Content/Platformer_8_Underworld/Meshes/SM_hieroglyph_002.uexp" 1472
"C:/Users/rexge/Documents/Unreal Projects/JR_PRJ3/Content/Platformer_8_Underworld/Meshes/SM_hieroglyph_001.ubulk" 1473
"C:/Users/rexge/Documents/Unreal Projects/JR_PRJ3/Content/Platformer_8_Underworld/Meshes/SM_hieroglyph_001.uasset" 1474
"C:/Users/rexge/Documents/Unreal Projects/JR_PRJ3/Content/Platformer_8_Underworld/Meshes/SM_hieroglyph_001.uexp" 1475
"C:/Users/rexge/Documents/Unreal Projects/JR_PRJ3/Content/Platformer_8_Underworld/Meshes/SM_gate_001.ubulk" 1476
"C:/Users/rexge/Documents/Unreal Projects/JR_PRJ3/Content/Platformer_8_Underworld/Meshes/SM_gate_001.uasset" 1477
"C:/Users/rexge/Documents/Unreal Projects/JR_PRJ3/Content/Platformer_8_Underworld/Meshes/SM_gate_001.uexp" 1478
"C:/Users/rexge/Documents/Unreal Projects/JR_PRJ3/Content/Platformer_8_Underworld/Meshes/SM_fire_002.ubulk" 1479
"C:/Users/rexge/Documents/Unreal Projects/JR_PRJ3/Content/Platformer_8_Underworld/Meshes/SM_fire_002.uasset" 1480
"C:/Users/rexge/Documents/Unreal Projects/JR_PRJ3/Content/Platformer_8_Underworld/Meshes/SM_fire_002.uexp" 1481
"C:/Users/rexge/Documents/Unreal Projects/JR_PRJ3/Content/Platformer_8_Underworld/Meshes/SM_fire_001.ubulk" 1482
"C:/Users/rexge/Documents/Unreal Projects/JR_PRJ3/Content/Platformer_8_Underworld/Meshes/SM_fire_001.uasset" 1483
"C:/Users/rexge/Documents/Unreal Projects/JR_PRJ3/Content/Platformer_8_Underworld/Meshes/SM_fire_001.uexp" 1484
"C:/Users/rexge/Documents/Unreal Projects/JR_PRJ3/Content/Platformer_8_Underworld/Meshes/SM_barrel_002.ubulk" 1485
"C:/Users/rexge/Documents/Unreal Projects/JR_PRJ3/Content/Platformer_8_Underworld/Meshes/SM_barrel_002.uasset" 1486
"C:/Users/rexge/Documents/Unreal Projects/JR_PRJ3/Content/Platformer_8_Underworld/Meshes/SM_barrel_002.uexp" 1487
"C:/Users/rexge/Documents/Unreal Projects/JR_PRJ3/Content/LevelPrototyping/Meshes/SM_Cube.ubulk" 1488
"C:/Users/rexge/Documents/Unreal Projects/JR_PRJ3/Content/LevelPrototyping/Meshes/SM_Cube.uasset" 1489
"C:/Users/rexge/Documents/Unreal Projects/JR_PRJ3/Content/LevelPrototyping/Meshes/SM_Cube.uexp" 1490
"C:/Users/rexge/Documents/Unreal Projects/JR_PRJ3/Content/Instruments/Lyre/texture_pbr_20250901_roughness.ubulk" 1491
"C:/Users/rexge/Documents/Unreal Projects/JR_PRJ3/Content/Instruments/Lyre/texture_pbr_20250901_roughness.uasset" 1492
"C:/Users/rexge/Documents/Unreal Projects/JR_PRJ3/Content/Instruments/Lyre/texture_pbr_20250901_roughness.uexp" 1493
"C:/Users/rexge/Documents/Unreal Projects/JR_PRJ3/Content/Instruments/Lyre/texture_pbr_20250901_normal.ubulk" 1494
"C:/Users/rexge/Documents/Unreal Projects/JR_PRJ3/Content/Instruments/Lyre/texture_pbr_20250901_normal.uasset" 1495
"C:/Users/rexge/Documents/Unreal Projects/JR_PRJ3/Content/Instruments/Lyre/texture_pbr_20250901_normal.uexp" 1496
"C:/Users/rexge/Documents/Unreal Projects/JR_PRJ3/Content/Instruments/Lyre/texture_pbr_20250901.ubulk" 1497
"C:/Users/rexge/Documents/Unreal Projects/JR_PRJ3/Content/Instruments/Lyre/texture_pbr_20250901.uasset" 1498
"C:/Users/rexge/Documents/Unreal Projects/JR_PRJ3/Content/Instruments/Lyre/texture_pbr_20250901.uexp" 1499
"C:/Users/rexge/Documents/Unreal Projects/JR_PRJ3/Content/Instruments/Lyre/Material_002.uasset" 1500
"C:/Users/rexge/Documents/Unreal Projects/JR_PRJ3/Content/Instruments/Lyre/Material_002.uexp" 1501
"C:/Users/rexge/Documents/Unreal Projects/JR_PRJ3/Content/Instruments/Lyre/lyre.ubulk" 1502
"C:/Users/rexge/Documents/Unreal Projects/JR_PRJ3/Content/Instruments/Lyre/lyre.uasset" 1503
"C:/Users/rexge/Documents/Unreal Projects/JR_PRJ3/Content/Instruments/Lyre/lyre.uexp" 1504
"C:/Users/rexge/Documents/Unreal Projects/JR_PRJ3/Content/Instruments/Lyre/LyreGrab_BP.uasset" 1505
"C:/Users/rexge/Documents/Unreal Projects/JR_PRJ3/Content/Instruments/Lyre/LyreGrab_BP.uexp" 1506
"C:/Users/rexge/Documents/Unreal Projects/JR_PRJ3/Content/Instruments/Lute/texture_pbr_20250901_roughness.ubulk" 1507
"C:/Users/rexge/Documents/Unreal Projects/JR_PRJ3/Content/Instruments/Lute/texture_pbr_20250901_roughness.uasset" 1508
"C:/Users/rexge/Documents/Unreal Projects/JR_PRJ3/Content/Instruments/Lute/texture_pbr_20250901_roughness.uexp" 1509
"C:/Users/rexge/Documents/Unreal Projects/JR_PRJ3/Content/Instruments/Lute/texture_pbr_20250901_normal.ubulk" 1510
"C:/Users/rexge/Documents/Unreal Projects/JR_PRJ3/Content/Instruments/Lute/texture_pbr_20250901_normal.uasset" 1511
"C:/Users/rexge/Documents/Unreal Projects/JR_PRJ3/Content/Instruments/Lute/texture_pbr_20250901_normal.uexp" 1512
"C:/Users/rexge/Documents/Unreal Projects/JR_PRJ3/Content/Instruments/Lute/texture_pbr_20250901.ubulk" 1513
"C:/Users/rexge/Documents/Unreal Projects/JR_PRJ3/Content/Instruments/Lute/texture_pbr_20250901.uasset" 1514
"C:/Users/rexge/Documents/Unreal Projects/JR_PRJ3/Content/Instruments/Lute/texture_pbr_20250901.uexp" 1515
"C:/Users/rexge/Documents/Unreal Projects/JR_PRJ3/Content/Instruments/Lute/Material_001.uasset" 1516
"C:/Users/rexge/Documents/Unreal Projects/JR_PRJ3/Content/Instruments/Lute/Material_001.uexp" 1517
"C:/Users/rexge/Documents/Unreal Projects/JR_PRJ3/Content/Instruments/Lute/lute.ubulk" 1518
"C:/Users/rexge/Documents/Unreal Projects/JR_PRJ3/Content/Instruments/Lute/lute.uasset" 1519
"C:/Users/rexge/Documents/Unreal Projects/JR_PRJ3/Content/Instruments/Lute/lute.uexp" 1520
"C:/Users/rexge/Documents/Unreal Projects/JR_PRJ3/Content/Instruments/Lute/LuteGrab_BP.uasset" 1521
"C:/Users/rexge/Documents/Unreal Projects/JR_PRJ3/Content/Instruments/Lute/LuteGrab_BP.uexp" 1522
"C:/Users/rexge/Documents/Unreal Projects/JR_PRJ3/Content/Instruments/Flute/texture_pbr_20250901_roughness.ubulk" 1523
"C:/Users/rexge/Documents/Unreal Projects/JR_PRJ3/Content/Instruments/Flute/texture_pbr_20250901_roughness.uasset" 1524
"C:/Users/rexge/Documents/Unreal Projects/JR_PRJ3/Content/Instruments/Flute/texture_pbr_20250901_roughness.uexp" 1525
"C:/Users/rexge/Documents/Unreal Projects/JR_PRJ3/Content/Instruments/Flute/texture_pbr_20250901_normal.ubulk" 1526
"C:/Users/rexge/Documents/Unreal Projects/JR_PRJ3/Content/Instruments/Flute/texture_pbr_20250901_normal.uasset" 1527
"C:/Users/rexge/Documents/Unreal Projects/JR_PRJ3/Content/Instruments/Flute/texture_pbr_20250901_normal.uexp" 1528
"C:/Users/rexge/Documents/Unreal Projects/JR_PRJ3/Content/Instruments/Flute/texture_pbr_20250901.ubulk" 1529
"C:/Users/rexge/Documents/Unreal Projects/JR_PRJ3/Content/Instruments/Flute/texture_pbr_20250901.uasset" 1530
"C:/Users/rexge/Documents/Unreal Projects/JR_PRJ3/Content/Instruments/Flute/texture_pbr_20250901.uexp" 1531
"C:/Users/rexge/Documents/Unreal Projects/JR_PRJ3/Content/Instruments/Flute/Material_001.uasset" 1532
"C:/Users/rexge/Documents/Unreal Projects/JR_PRJ3/Content/Instruments/Flute/Material_001.uexp" 1533
"C:/Users/rexge/Documents/Unreal Projects/JR_PRJ3/Content/Instruments/Flute/flute.ubulk" 1534
"C:/Users/rexge/Documents/Unreal Projects/JR_PRJ3/Content/Instruments/Flute/flute.uasset" 1535
"C:/Users/rexge/Documents/Unreal Projects/JR_PRJ3/Content/Instruments/Flute/flute.uexp" 1536
"C:/Users/rexge/Documents/Unreal Projects/JR_PRJ3/Content/Instruments/Flute/FluteGrab_BP.uasset" 1537
"C:/Users/rexge/Documents/Unreal Projects/JR_PRJ3/Content/Instruments/Flute/FluteGrab_BP.uexp" 1538
"C:/Users/rexge/Documents/Unreal Projects/JR_PRJ3/Content/Instruments/Drum/texture_pbr_20250901_roughness.ubulk" 1539
"C:/Users/rexge/Documents/Unreal Projects/JR_PRJ3/Content/Instruments/Drum/texture_pbr_20250901_roughness.uasset" 1540
"C:/Users/rexge/Documents/Unreal Projects/JR_PRJ3/Content/Instruments/Drum/texture_pbr_20250901_roughness.uexp" 1541
"C:/Users/rexge/Documents/Unreal Projects/JR_PRJ3/Content/Instruments/Drum/texture_pbr_20250901_normal.ubulk" 1542
"C:/Users/rexge/Documents/Unreal Projects/JR_PRJ3/Content/Instruments/Drum/texture_pbr_20250901_normal.uasset" 1543
"C:/Users/rexge/Documents/Unreal Projects/JR_PRJ3/Content/Instruments/Drum/texture_pbr_20250901_normal.uexp" 1544
"C:/Users/rexge/Documents/Unreal Projects/JR_PRJ3/Content/Instruments/Drum/texture_pbr_20250901.ubulk" 1545
"C:/Users/rexge/Documents/Unreal Projects/JR_PRJ3/Content/Instruments/Drum/texture_pbr_20250901.uasset" 1546
"C:/Users/rexge/Documents/Unreal Projects/JR_PRJ3/Content/Instruments/Drum/texture_pbr_20250901.uexp" 1547
"C:/Users/rexge/Documents/Unreal Projects/JR_PRJ3/Content/Instruments/Drum/Material_001.uasset" 1548
"C:/Users/rexge/Documents/Unreal Projects/JR_PRJ3/Content/Instruments/Drum/Material_001.uexp" 1549
"C:/Users/rexge/Documents/Unreal Projects/JR_PRJ3/Content/Instruments/Drum/drum.ubulk" 1550
"C:/Users/rexge/Documents/Unreal Projects/JR_PRJ3/Content/Instruments/Drum/drum.uasset" 1551
"C:/Users/rexge/Documents/Unreal Projects/JR_PRJ3/Content/Instruments/Drum/drum.uexp" 1552
"C:/Users/rexge/Documents/Unreal Projects/JR_PRJ3/Content/Instruments/Drum/DrumGrab_BP.uasset" 1553
"C:/Users/rexge/Documents/Unreal Projects/JR_PRJ3/Content/Instruments/Drum/DrumGrab_BP.uexp" 1554
"C:/Users/rexge/Documents/Unreal Projects/JR_PRJ3/Content/VRTemplate/Maps/VRTemplateMap.uexp" 1555
"C:/Users/rexge/Documents/Unreal Projects/JR_PRJ3/Content/VRTemplate/Maps/VRTemplateMap.umap" 1556
